"Dernière mise à jour","Type d'entité","Insee (ou Siren) ","SIREN","Nom","Intercommunalité","Territoire","Adhésion TE38","Population totale","Adresse complète","CP","Ville","Téléphone","Mail","Nouvelle entité de rattachement","Collège au comité syndical"
"05/06/2024 09:38:41","Commune",38001,200060127,"Abrets en Dauphiné (Les)","CC Les Vals du Dauphiné",2,"OUI",6695,"1 PLACE ELOI CUCHET",38490,"LES ABRETS EN DAUPHINE","04 76 32 04 80","accueil@les-abrets-en-dauphine.fr",,1
"18/12/2024 16:03:12","Commune",38002,213800022,"Adrets (Les)","CC Le Grésivaudan",9,"OUI",1099,"61 RUE DU CARDELET",38190,"LES ADRETS","04 76 71 06 93","contact@lesadrets.fr",,1
"08/01/2025 10:12:33","Commune",38003,213800030,"Agnin","CC Entre Bièvre et Rhône",3,"OUI",1255,"200 MONTÉE DU VILLAGE",38150,"AGNIN","04 74 84 07 40","mairie.agnin@wanadoo.fr",,1
"08/01/2025 10:12:33","Commune",38004,213800048,"Albenc (L')","CC Saint-Marcellin Vercors Isère Communauté",6,"OUI",1325,"65 RUE DE L'ÉCOLE",38470,"L'ALBENC","04 76 64 74 16","mairie@albenc.fr",,1
"24/05/2024 10:20:54","Commune",38005,213800055,"Allemond","CC de l'Oisans",8,"OUI",957,"5 CHEMIN DES FAURES",38114,"ALLEMOND","04 76 80 70 30","mairie@allemond.fr",,1
"21/03/2024 12:45:06","Commune",38008,213800089,"Ambel","CC de la Matheysine",7,"OUI",32,"40 ROUTE DE LA MAIRIE",38970,"AMBEL","04 76 30 00 47","mairie-de-ambel@alsatis.net",,1
"18/12/2024 16:03:12","Commune",38009,213800097,"Anjou","CC Entre Bièvre et Rhône",3,"OUI",1043,"42 ROUTE DU DAUPHINÉ",38150,"ANJOU","04 74 84 01 17","mairie.anjou@wanadoo.fr",,1
"18/12/2024 16:03:14","Commune",38010,213800105,"Annoisin-Chatelans","CC Les Balcons du Dauphiné",1,"OUI",736,"100 IMPASSE DE LA MAIRIE",38460,"ANNOISIN-CHATELANS","04 74 83 80 76","annoisin-chatelans@wanadoo.fr",,1
"18/12/2024 16:03:14","Commune",38011,213800113,"Anthon","CC Lyon Saint Exupéry en Dauphiné",1,"OUI",1134,"MONTÉE DE LA BARRE",38280,"ANTHON","04 78 32 13 22","contact@mairie-anthon.fr",,1
"05/06/2024 10:04:18","Commune",38012,213800121,"Aoste","CC Les Vals du Dauphiné",2,"OUI",2922,"3 PLACE DE LA MAIRIE",38490,"AOSTE","04 76 31 61 57","accueil@mairie-aoste.org",,1
"18/12/2024 16:03:13","Commune",38013,213800139,"Apprieu","CC de Bièvre Est",4,"OUI",3618,"46 ROUTE DE LYON",38140,"APPRIEU","04 76 65 10 13","accueil@apprieu.fr",,1
"18/12/2024 16:03:14","Commune",38297,200063964,"Arandon-Passins","CC Les Balcons du Dauphiné",1,"OUI",1904,"12 PLACE LEON THOMAS",38510,"ARANDON-PASSINS","04 74 80 10 86","mairie.arandon-passins@orange.fr",,1
"08/01/2025 10:12:33","Commune",38015,213800154,"Artas","CC Bièvre Isère",4,"OUI",1871,"PLACE DU 8 MAI 1945",38440,"ARTAS","04 74 58 73 31","mairie@artas-mairie.fr",,1
"18/12/2024 16:03:12","Commune",38017,213800170,"Assieu","CC Entre Bièvre et Rhône",3,"OUI",1717,"153 RUE DE LA VARÈZE",38150,"ASSIEU","04 74 84 42 57","contact@mairie-assieu.com",,1
"05/06/2024 11:05:34","Commune",38018,213800188,"Auberives-en-Royans","CC Saint-Marcellin Vercors Isère Communauté",6,"OUI",379,"720 ROUTE DU VERCORS",38680,"AUBERIVES EN ROYANS","04 76 36 03 76","mairie.auberivesenroyans@wanadoo.fr",,1
"18/12/2024 16:03:12","Commune",38019,213800196,"Auberives-sur-Varèze","CC Entre Bièvre et Rhône",3,"OUI",1500,"2 RUE DES ÉCOLES",38550,"AUBERIVES SUR VAREZE","04 74 84 90 13","mairie.auberivessurvareze@orange.fr",,1
"24/05/2024 10:21:06","Commune",38020,213800204,"Auris","CC de l'Oisans",8,"OUI",182,"10 ROUTE CHAMONETIER",38142,"AURIS EN OISANS","04 76 80 06 04","accueil@mairie-auris.fr",,1
"05/06/2024 11:05:34","Commune",38225,200056224,"Autrans-Méaudre en Vercors","CC du Massif du Vercors",6,"OUI",3178,"PLACE LOCMARIA",38112,"AUTRANS-MÉAUDRE EN VERCORS","04 76 95 20 16","mairie@autrans-meaudre.fr",,1
"18/12/2024 16:03:10","Commune",38022,200058444,"Avenières Veyrins-Thuellin (Les)","CC Les Balcons du Dauphiné",1,"OUI",7899,"1 SQUARE ÉMILE RICHERD",38630,"AVENIÈRES VEYRINS-THUELLIN (LES)","04 74 33 61 87","mairie@lesavenieres.fr",,1
"05/06/2024 11:05:34","Commune",38023,213800238,"Avignonet","CC du Trièves",7,"OUI",207,"1 CHEMIN DE LA PLAINE",38650,"AVIGNONET","04 76 34 06 72","avignonet.mairie@wanadoo.fr",,1
"08/01/2025 10:12:32","Commune",38026,213800261,"Balme-les-Grottes (La)","CC Les Balcons du Dauphiné",1,"OUI",1156,"ROUTE DE LAGNIEU",38390,"LA BALME LES GROTTES","04 74 90 60 49","mairie@labalmelesgrottes.com",,1
"05/06/2024 09:30:57","Commune",38027,213800279,"Barraux","CC Le Grésivaudan",9,"OUI",2058,"55 GRANDE RUE",38530,"BARRAUX","04 76 97 37 17","accueilmairie@mairie-barraux.fr",,1
"08/01/2025 10:12:34","Commune",38029,213800295,"Bâtie-Montgascon (La)","CC Les Vals du Dauphiné",2,"OUI",2044,"20 PLACE DE LA MAIRIE",38110,"LA BATIE-MONTGASCON","04 74 88 81 80","mairie@batie-montgascon.com",,1
"05/06/2024 09:30:56","Commune",38030,213800303,"Beaucroissant","CC de Bièvre Est",4,"OUI",1925,"120 RUE LOUIS DURAND",38140,"BEAUCROISSANT","04 76 65 24 10","accueil.mairie@beaucroissant.fr",,1
"18/12/2024 16:03:07","Commune",38031,213800311,"Beaufin","CC de la Matheysine",7,"OUI",20,"235 ROUTE DU VILLAGE",38970,"BEAUFIN","04 76 30 06 49","mairie.beaufin@orange.fr",,1
"08/01/2025 10:12:33","Commune",38032,213800329,"Beaufort","CC Bièvre Isère",4,"OUI",588,"22 PLACE  DU VILLAGE",38270,"BEAUFORT","04 74 84 63 00","commune.beaufort38@wanadoo.fr",,1
"05/06/2024 11:05:34","Commune",38033,213800337,"Beaulieu","CC Saint-Marcellin Vercors Isère Communauté",6,"OUI",652,"1 PLACE DE LA MAIRIE",38470,"BEAULIEU","04 76 36 71 97","beaulieu38@wanadoo.fr",,1
"05/06/2024 10:04:20","Commune",38034,213800345,"Beaurepaire","CC Entre Bièvre et Rhône",3,"OUI",5089,"28 RUE FRANÇAIS",38270,"BEAUREPAIRE","04 74 79 22 60","mairie.beaurepaire@entre-bievreetrhone.fr",,1
"05/06/2024 09:23:00","Commune",38035,213800352,"Beauvoir-de-Marc","CC Bièvre Isère",4,"OUI",1127,"91 CHEMIN DE LA FONTAINE",38440,"BEAUVOIR DE MARC","04 74 58 78 88","contact@beauvoir-de-marc.com",,1
"05/06/2024 11:05:34","Commune",38036,213800360,"Beauvoir-en-Royans","CC Saint-Marcellin Vercors Isère Communauté",6,"OUI",97,"113 RUE PORTE DE CHAMPEVERSE",38160,"BEAUVOIR EN ROYANS","04 76 38 06 21","mairie.beauvoirenroyans@orange.fr",,1
"18/12/2024 16:03:12","Commune",38037,213800378,"Bellegarde-Poussieu","CC Entre Bièvre et Rhône",3,"OUI",1036,"19 PLACE DE LA MAIRIE",38270,"BELLEGARDE-POUSSIEU","04 74 84 84 11","sg.bellegarde-poussieu@entre-bievreetrhone.fr",,1
"18/12/2024 16:03:10","Commune",38038,213800386,"Belmont","CC Les Vals du Dauphiné",2,"OUI",632,"6 RUE DE LA MAIRIE",38690,"BELMONT","04 74 92 21 67","mairie.belmont2@wanadoo.fr",,1
"05/06/2024 09:30:57","Commune",38039,213800394,"Bernin","CC Le Grésivaudan",9,"OUI",3191,"496 ROUTE DÉPARTEMENTALE -1090 CEDEX 36",38190,"BERNIN","04 76 92 07 40","mairie@bernin.fr",,1
"18/12/2024 16:03:07","Commune",38040,213800402,"Besse","CC de l'Oisans",8,"OUI",152,"8 IMPASSE DE LA MAIRIE",38142,"BESSE","04 76 80 25 80","mairie.besse38@orange.fr",,1
"18/12/2024 16:03:13","Commune",38041,213800410,"Bessins","CC Saint-Marcellin Vercors Isère Communauté",6,"OUI",111,"145B ROUTE DU VILLAGE",38160,"BESSINS","04 76 64 11 42","mairie.bessins@orange.fr",,1
"18/12/2024 16:03:13","Commune",38042,213800428,"Bévenais","CC de Bièvre Est",4,"OUI",1068,"76 RUE DE LA CHARRIÈRE",38690,"BÉVENAIS","04 76 55 80 98","mairie@bevenais.fr",,1
"18/12/2024 16:03:11","Commune",38043,213800436,"Bilieu","CA du Pays Voironnais",5,"OUI",1639,"75 ROUTE DE CHARAVINES",38850,"BILIEU","04 76 06 62 41","mairie@ville-bilieu.fr",,1
"18/12/2024 16:03:10","Commune",38044,213800444,"Biol","CC Les Vals du Dauphiné",2,"OUI",1564,"11 ROUTE DE LA VALLÉE DE L'HIEN",38690,"BIOL","04 74 92 20 44","mairie@biol.fr",,1
"08/01/2025 10:12:30","Commune",38045,213800451,"Biviers","CC Le Grésivaudan",9,"OUI",2408,"369 CHEMINDE L'ÉGLISE",38330,"BIVIERS","04 76 52 10 45","contact@mairie-biviers.fr",,1
"05/06/2024 10:04:18","Commune",38046,213800469,"Bizonnes","CC de Bièvre Est",4,"OUI",1018,"85 CHEMIN DE LA MAIRIE",38690,"BIZONNES","04 74 92 21 82","mairie.bizonnes@wanadoo.fr",,1
"21/03/2024 12:45:07","Commune",38047,213800477,"Blandin","CC Les Vals du Dauphiné",2,"OUI",157,"2 ROUTE DU GRAND BLANDIN",38730,"BLANDIN","04 74 88 24 78","mairie.blandin@wanadoo.fr",,1
"18/12/2024 16:03:12","Commune",38048,213800485,"Bonnefamille","CC COLL'in Communauté",2,"OUI",1115,"473 ROUTE DES ÉTANGS",38090,"BONNEFAMILLE","04 74 96 45 09","mairie@bonnefamille.com",,1
"18/12/2024 16:03:10","Commune",38049,213800493,"Bossieu","CC Bièvre Isère",4,"OUI",322,"PLACE MARIUS RICHARD BERLAND",38260,"BOSSIEU","04 74 54 20 94","mairie.bossieu@wanadoo.fr",,1
"05/06/2024 09:22:59","Commune",38050,213800501,"Bouchage (Le)","CC Les Balcons du Dauphiné",1,"OUI",656,"211 ROUTE DES CORBASSIÈRES",38510,"LE BOUCHAGE","04 74 80 03 42","mairie.bouchage@gmail.com",,1
"08/01/2025 10:12:33","Commune",38051,213800519,"Bougé-Chambalud","CC Entre Bièvre et Rhône",3,"OUI",1455,"PLACE DE LA MAIRIE",38150,"BOUGÉ-CHAMBALUD","04 74 84 00 06","mairiebougechambalud@entre-bievreetrhone.fr",,1
"18/12/2024 16:03:08","Commune",38052,213800527,"Bourg-d'Oisans (Le)","CC de l'Oisans",8,"OUI",3149,"1 RUE HUMBERT - BP 23",38520,"LE BOURG-D'OISANS","04 76 11 12 50","accueil@mairie-bourgdoisans.fr",,1
"05/06/2024 09:22:59","Commune",38053,213800535,"Bourgoin-Jallieu","CA Porte de l'Isère (C.A.P.I)",2,"OUI",30195,"1 RUE DE L'HÔTEL DE VILLE CS 62010",38307,"BOURGOIN-JALLIEU","04 74 93 00 54","communication@bourgoinjallieu.fr",,1
"05/06/2024 09:22:59","Commune",38054,213800543,"Bouvesse-Quirieu","CC Les Balcons du Dauphiné",1,"OUI",1533,"31 PLACE DE LA MAIRIE",38390,"BOUVESSE-QUIRIEU","04 74 88 52 29","accueil.mairie@bouvessequirieu.fr",,1
"18/12/2024 16:03:10","Commune",38055,213800550,"Brangues","CC Les Balcons du Dauphiné",1,"OUI",646,"136 RUE DU VILLAGE",38510,"BRANGUES","04 74 80 13 19","mairiebrangues2@wanadoo.fr",,1
"05/06/2024 09:23:00","Commune",38056,213800568,"Bressieux","CC Bièvre Isère",4,"OUI",93,"109 RUE DE LA PORTE ST MICHEL",38870,"BRESSIEUX","04 74 20 15 45","contact@bressieux.fr",,1
"18/12/2024 16:03:13","Commune",38058,213800584,"Brézins","CC Bièvre Isère",4,"OUI",2290,"2 PLACE HENRI GERBE",38590,"BRÉZINS","04 76 65 42 04","commune@brezins.fr",,1
"18/12/2024 16:03:13","Commune",38060,213800600,"Brion","CC Bièvre Isère",4,"OUI",147,"5A PLACE DU VILLAGE",38590,"BRION","04 76 65 48 41","contact.brion38@gmail.com",,1
"18/12/2024 16:03:11","Commune",38061,213800618,"Buisse (La)","CA du Pays Voironnais",5,"OUI",3490,"PLACE MARCEL VIAL",38500,"LA BUISSE","04 76 55 00 78","mairie@labuisse.fr",,1
"18/12/2024 16:03:12","Commune",38062,213800626,"Buissière (La)","CC Le Grésivaudan",9,"OUI",790,"31 PLACE DE LA MAIRIE",38530,"LA BUISSIÈRE","04 76 97 32 13","contact@mairie-la-buissiere.fr",,1
"18/12/2024 16:03:13","Commune",38063,213800634,"Burcin","CC de Bièvre Est",4,"OUI",457,"1 PLACE DE LA MAIRIE",38690,"BURCIN","04 76 65 00 90","mairie.burcin@wanadoo.fr",,1
"08/01/2025 10:12:33","Commune",38064,213800642,"Cessieu","CC Les Vals du Dauphiné",2,"OUI",3316,"3 RUE DU REVOL",38110,"CESSIEU","07 74 88 31 76","mairie@cessieu.fr",,1
"05/06/2024 09:30:56","Commune",38065,213800659,"Châbons","CC de Bièvre Est",4,"OUI",2219,"9 RUE DE L'ÉGLISE",38690,"CHÂBONS","04 76 65 00 10","accueil.mairie@chabons.fr",,1
"08/01/2025 10:12:33","Commune",38066,213800667,"Chalon","CC Entre Bièvre et Rhône",3,"OUI",176,"69 CHEMIN DES TOURS",38122,"CHALON","04 74 57 81 06","mairie.chalon@entre-bievreetrhone.fr",,1
"18/12/2024 16:03:14","Commune",38067,213800675,"Chamagnieu","CC Les Balcons du Dauphiné",1,"OUI",1788,"2353 ROUTE DE VIENNE",38460,"CHAMAGNIEU","04 74 90 27 94","mairie@chamagnieu.com",,1
"08/01/2025 10:12:33","Commune",38070,213800709,"Champ-près-Froges (Le)","CC Le Grésivaudan",9,"OUI",1362,"131 CHEMIN DE LA MAIRIE",38190,"LE CHAMP-PRÈS-FROGES","04 76 71 44 73","lechamp.mairie@laposte.net",,1
"08/01/2025 10:12:32","Commune",38069,213800691,"Champier","CC Bièvre Isère",4,"OUI",1537,"900 ROUTE DES ALPES",38260,"CHAMPIER","04 74 79 14 52","secretariat@commune-champier.fr",,1
"08/01/2025 10:12:31","Commune",38567,213805674,"Chamrousse","CC Le Grésivaudan",9,"OUI",420,"35 PLACE DES TROLLES",38410,"CHAMROUSSE","04 76 89 90 21","mairie@chamrousse.com",,1
"18/12/2024 16:03:12","Commune",38072,213800725,"Chanas","CC Entre Bièvre et Rhône",3,"OUI",2741,"08 PLACE DE France - CS 80629",38150,"CHANAS","04 74 84 33 77","contact@mairie-chanas.fr",,1
"21/03/2024 12:45:09","Commune",38073,200086452,"Chantepérier","CC de la Matheysine",7,"OUI",209,"CHANTELOUVE - 85 CHEMIN DE L'ÉGLISE",38740,"CHANTEPÉRIER","04 76 30 27 23","mairie.chanteperier38@orange.fr",,1
"18/12/2024 16:03:13","Commune",38074,213800741,"Chantesse","CC Saint-Marcellin Vercors Isère Communauté",6,"OUI",392,"42 PLACE DU 19 MARS 1962",38470,"CHANTESSE","04 76 64 73 94","mairie.chantesse@wanadoo.fr",,1
"05/06/2024 09:30:57","Commune",38075,213800758,"Chapareillan","CC Le Grésivaudan",9,"OUI",3102,"24 PLACE DE LA MAIRIE",38530,"CHAPAREILLAN","04 76 45 22 20","accueilmairie@chapareillan.fr",,1
"18/12/2024 16:03:12","Commune",38076,213800766,"Chapelle-de-la-Tour (La)","CC Les Vals du Dauphiné",2,"OUI",1984,"117 BOULEVARD DE LA MAIRIE",38110,"LA CHAPELLE-DE-LA-TOUR","04 74 97 15 91","secretariat@lachapelledelatour.fr",,1
"08/01/2025 10:12:31","Commune",38077,213800774,"Chapelle-de-Surieu (La)","CC Entre Bièvre et Rhône",3,"OUI",781,"1 PLACE DE LA MAIRIE",38150,"LA CHAPELLE-DE-SURIEU","04 74 84 44 40","mairie.lachapelledesurieu@entre-bievreetrhone.fr",,1
"18/12/2024 16:03:12","Commune",38078,213800782,"Chapelle-du-Bard (La)","CC Le Grésivaudan",9,"OUI",567,"41 PLACE DE LA RÉPUBLIQUE",38580,"LA CHAPELLE-DU-BARD","04 76 97 53 53","lachapelledubard38580@gmail.com",,1
"18/12/2024 16:03:10","Commune",38080,213800808,"Charancieu","CA du Pays Voironnais",5,"OUI",783,"305 ROUTE DU VILLAGE",38490,"CHARANCIEU","04 76 32 07 56","mairie.charancieu@paysvoironnais.com",,1
"18/12/2024 16:03:12","Commune",38081,213800816,"Charantonnay","CC COLL'in Communauté",2,"OUI",2040,"1260 AVENUE DU DAUPHINÉ",38790,"CHARANTONNAY","04 74 59 01 42","mairie@charantonnay.fr",,1
"18/12/2024 16:03:11","Commune",38082,213800824,"Charavines","CA du Pays Voironnais",5,"OUI",2025,"15 PLACE DE L'ÉGLISE",38850,"CHARAVINES","04 76 06 60 09","mairie@mairie-charavines.fr",,1
"08/01/2025 10:12:30","Commune",38083,213800832,"Charette","CC Les Balcons du Dauphiné",1,"OUI",455,"12 PASSAGE DE LA MAIRIE",38390,"CHARETTE","04 74 88 53 52","mairiedecharette@wanadoo.fr",,1
"18/12/2024 16:03:11","Commune",38084,213800840,"Charnècles","CA du Pays Voironnais",5,"OUI",1431,"260 CHEMIN DE L'ÉGLISE",38140,"CHARNÈCLES","04 76 91 07 29","accueil@ville-charnecles.fr",,1
"24/10/2024 08:50:30","Commune",38087,213800873,"Chasse-sur-Rhône","CA Vienne Condrieu",3,"OUI",6420,"PLACE JEAN JAURÈS",38670,"CHASSE-SUR-RHÔNE","04 72 24 48 00","accueil.mairie@chasse-sur-rhone.fr",,1
"08/01/2025 10:12:31","Commune",38086,213800865,"Chasselay","CC Saint-Marcellin Vercors Isère Communauté",6,"OUI",427,"107 RUE DE LA MAIRIE",38470,"CHASSELAY","04 76 64 23 10","chasselay38.mairie@orange.fr",,1
"18/12/2024 16:03:10","Commune",38089,213800899,"Chassignieu","CC Les Vals du Dauphiné",2,"OUI",228,"9 IMPASSE DE LA MAIRIE",38730,"CHASSIGNIEU","04 74 88 26 88","mairie-chassignieu@wanadoo.fr",,1
"08/01/2025 10:12:32","Commune",38090,213800907,"Château-Bernard","CC du Trièves",7,"OUI",282,"2 HAMEAU DE LA CHAPELLE",38650,"CHATEAU-BERNARD","04 76 34 05 07","mairie@chateau-bernard.fr",,1
"05/06/2024 09:22:59","Commune",38091,213800915,"Châteauvilain","CA Porte de l'Isère (C.A.P.I)",2,"OUI",765,"945 RUE DU CENTRE",38300,"CHÂTEAUVILAIN","04 74 92 00 09","mairie-chateauvillain@wanadoo.fr",,1
"08/01/2025 10:12:31","Commune",38456,200068336,"Châtel-en-Trièves","CC du Trièves",7,"OUI",501,"97 CHEMIN DE GRIGNOLET DOMAINE DE TALON ST SÉBASTIEN",38710,"CHÂTEL-EN-TRIÈVES","04 76 34 92 79","accueil@chatel-en-trieves.fr",,1
"05/06/2024 11:05:35","Commune",38092,213800923,"Châtelus","CC Saint-Marcellin Vercors Isère Communauté",6,"OUI",99,"4 ROUTE DU MOULIN",38680,"CHÂTELUS","04 76 36 04 68","commune.chatelus@orange.fr",,1
"05/06/2024 09:23:00","Commune",38093,213800931,"Châtenay","CC Bièvre Isère",4,"OUI",440,"542 ROUTE DU TRAMWAY",38980,"CHATENAY","04 74 20 09 82","mairie.chatenay@wanadoo.fr",,1
"18/12/2024 16:03:10","Commune",38094,213800949,"Châtonnay","CC Bièvre Isère",4,"OUI",2024,"7 PLACE DE LA LIBERTÉ",38440,"CHATONNAY","04 74 58 36 17","mairie-chatonnay@orange.fr",,1
"05/06/2024 11:05:35","Commune",38095,213800956,"Chatte","CC Saint-Marcellin Vercors Isère Communauté",6,"OUI",2607,"26 PLACE DU CHAMPS DE MARS",38160,"CHATTE","04 76 38 45 30","mairie@commune-chatte.fr",,1
"05/06/2024 09:22:59","Commune",38097,213800972,"Chavanoz","CC Lyon Saint Exupéry en Dauphiné",1,"OUI",5091,"4 RUE DU CHÂTEAU BP 7",38230,"CHAVANOZ","04 78 32 23 31","chavanoz.commune@orange.fr",,1
"21/03/2024 12:45:11","Commune",38098,213800980,"Chélieu","CC Les Vals du Dauphiné",2,"OUI",758,"195 RUE DE LA MAIRIE",38730,"CHÉLIEU","04 74 88 24 27","mairie.chelieu@wanadoo.fr",,1
"18/12/2024 16:03:13","Commune",38099,213800998,"Chevrières","CC Saint-Marcellin Vercors Isère Communauté",6,"OUI",764,"10 PLACE VINCENDON DUMOULIN",38160,"CHEVRIÈRES","04 76 64 10 56","mairie@chevrieres38.fr",,1
"05/06/2024 09:30:57","Commune",38100,213801004,"Cheylas (Le)","CC Le Grésivaudan",9,"OUI",2472,"93 RUE DE LA POSTE",38570,"LE CHEYLAS","04 76 71 71 90","mairie@lecheylas.fr",,1
"18/12/2024 16:03:12","Commune",38101,213801012,"Cheyssieu","CC Entre Bièvre et Rhône",3,"OUI",1052,"94 ROUTE DE LA BRULA",38550,"CHEYSSIEU","04 74 84 90 07","mairie.cheyssieu@wanadoo.fr",,1
"05/06/2024 09:22:59","Commune",38102,213801020,"Chèzeneuve","CA Porte de l'Isère (C.A.P.I)",2,"OUI",673,"30 CHEMIN DE CHAVAGNANT",38300,"CHEZENEUVE","04 74 28 21 24","mairie.chezeneuve@wanadoo.fr",,1
"05/06/2024 11:05:35","Commune",38103,213801038,"Chichilianne","CC du Trièves",7,"OUI",323,"L'ÉGLISE",38930,"CHICHILIANNE","04 76 34 40 13","mairie.chichilianne38@orange.fr",,1
"08/01/2025 10:12:32","Commune",38104,213801046,"Chimilin","CC Les Vals du Dauphiné",2,"OUI",1435,"11 PLACE DE L'ÉGLISE",38490,"CHIMILIN","04 76 31 63 62","mairie@chimilin.fr",,1
"18/12/2024 16:03:11","Commune",38105,213801053,"Chirens","CA du Pays Voironnais",5,"OUI",2520,"PLACE JOSEPH ROSSAT",38850,"CHIRENS","04 76 35 20 28","mairie@chirens.fr",,1
"18/12/2024 16:03:08","Commune",38106,213801061,"Cholonge","CC de la Matheysine",7,"OUI",356,"26 RUE DE LA MAIRIE",38220,"CHOLONGE","04 76 83 91 27","accueil@mairiedecholonge.fr",,1
"18/12/2024 16:03:13","Commune",38107,213801079,"Chonas-l'Amballan","CA Vienne Condrieu",3,"OUI",1747,"4 PLACE DE LA MAIRIE",38121,"CHONAS-L'AMBALLAN","04 74 58 81 48","secretariat@chonaslamballan.fr",,1
"18/12/2024 16:03:12","Commune",38108,213801087,"Choranche","CC Saint-Marcellin Vercors Isère Communauté",6,"OUI",133,"55 MONTÉE DE LA MAIRIE",38680,"CHORANCHE","04 76 36 01 65","mairie.dechoranche@wanadoo.fr",,1
"18/12/2024 16:03:14","Commune",38109,213801095,"Chozeau","CC Les Balcons du Dauphiné",1,"OUI",1052,"15 PLACE DE LA MAIRIE",38460,"CHOZEAU","04 74 90 21 09","accueil.mairie@mairie-chozeau.fr",,1
"18/12/2024 16:03:13","Commune",38110,213801103,"Chuzelles","CA Vienne Condrieu",3,"OUI",2379,"1 PLACE DE LA MAIRIE",38200,"CHUZELLES","04 74 57 90 97","mairie@mairie-chuzelles.fr",,1
"18/12/2024 16:03:08","Commune",38112,213801129,"Clavans-en-Haut-Oisans","CC de l'Oisans",8,"OUI",94,"CLAVANS LE HAUT - 2 ROUTE DE SAVOIE",38142,"CLAVANS-EN-HAUT-OISANS","04 76 80 11 73","mairieclavanshtoisans@orange.fr",,1
"05/06/2024 11:05:35","Commune",38113,213801137,"Clelles","CC du Trièves",7,"OUI",565,"PLACE DE LA MAIRIE",38930,"CLELLES","04 76 34 40 89","mairie@clelles.fr",,1
"08/01/2025 10:12:33","Commune",38114,213801145,"Clonas-sur-Varèze","CC Entre Bièvre et Rhône",3,"OUI",1557,"PLACE DE LA MAIRIE",38550,"CLONAS-SUR-VARÈZE","04 74 84 91 44","commune@clonas.fr",,1
"18/12/2024 16:03:08","Commune",38116,213801160,"Cognet","CC de la Matheysine",7,"OUI",37,"8 ROUTE DES RIVES",38350,"COGNET","04 76 30 96 88","mairie.cognet@gmail.com",,1
"08/01/2025 10:12:30","Commune",38117,213801178,"Cognin-les-Gorges","CC Saint-Marcellin Vercors Isère Communauté",6,"OUI",641,"103 RUE DU 29 JANVIER 1944",38470,"COGNIN-LES-GORGES","04 76 38 31 31","mairie.cognin-les-gorges@wanadoo.fr",,1
"18/12/2024 16:03:13","Commune",38118,213801186,"Colombe","CC de Bièvre Est",4,"OUI",1745,"1351 ROUTE DU TRAM",38690,"COLOMBE","04 76 55 81 98","mairie.colombe@wanadoo.fr",,1
"08/01/2025 10:12:32","Commune",38120,213801202,"Combe-de-Lancey (La)","CC Le Grésivaudan",9,"OUI",739,"56 PLACE DU BOYS - LA CHAPELLE",38190,"LA COMBE-DE-LANCEY","04 76 71 40 96","mairie@lacombedelancey.fr",,1
"05/06/2024 09:22:59","Commune",38124,213801244,"Corbelin","CC Les Balcons du Dauphiné",1,"OUI",2368,"40 PLACE DU CAMPANIL",38630,"CORBELIN","04 74 83 72 00","accueil@corbelin.fr",,1
"18/12/2024 16:03:09","Commune",38127,213801277,"Cornillon-en-Trièves","CC du Trièves",7,"OUI",170,"GRAND ORIOL",38710,"CORNILLON-EN-TRIÈVES","04 76 34 96 16","mairie.cornillon-en-trieves@wanadoo.fr",,1
"18/12/2024 16:03:08","Commune",38128,213801285,"Corps","CC de la Matheysine",7,"OUI",431,"230 RUE DES FOSSÉS",38970,"CORPS","04 76 30 00 31","mairie@villedecorps.fr",,1
"05/06/2024 11:05:35","Commune",38129,213801293,"Corrençon-en-Vercors","CC du Massif du Vercors",6,"OUI",383,"4 PLACE DE LA MAIRIE - LE VILLAGE",38250,"CORRENÇON-EN-VERCORS","04 76 95 82 88","mairie@correncon-en-Vercors.fr",,1
"24/01/2025 11:42:39","Commune",38130,213801301,"Côte-Saint-André (La)","CC Bièvre Isère",4,"OUI",5082,"2 RUE DE L'HÔTEL DE VILLE - BP 84",38260,"LA CÔTE-SAINT-ANDRÉ","04 74 20 53 99","secretariatgeneral@lacotesaintandre.fr",,1
"18/12/2024 16:03:13","Commune",38131,213801319,"Côtes-d'Arey (Les)","CA Vienne Condrieu",3,"OUI",2067,"1 PLACE ARELIS",38138,"LES CÔTES-D'AREY","04 74 58 81 08","secretariat@lescotesdarey.fr",,1
"18/12/2024 16:03:08","Commune",38132,213801327,"Côtes-de-Corps (Les)","CC de la Matheysine",7,"OUI",74,"649 ROUTE DE LA MAIRIE",38970,"LES CÔTES-DE-CORPS","04 76 30 01 43","mairie.cotesdecorps@Wanadoo.fr",,1
"08/01/2025 10:12:33","Commune",38133,213801335,"Coublevie","CA du Pays Voironnais",5,"OUI",5745,"11 CHEMIN D'ORGEOISE - BP 2",38500,"COUBLEVIE","04 76 05 15 39","accueil@coublevie.fr",,1
"08/01/2025 10:12:33","Commune",38134,213801343,"Cour-et-Buis","CC Entre Bièvre et Rhône",3,"OUI",952,"18 RUE DE L'ÉGALITE",38122,"COUR-ET-BUIS","04 74 59 25 13","mairie.couretbuis@entre-bievreetrhone.fr",,1
"06/12/2024 10:12:11","Commune",38135,213801350,"Courtenay","CC Les Balcons du Dauphiné",1,"OUI",1321,"103 PLACE DE L'EGLISE - LE VILLAGE",38510,"COURTENAY","04 74 80 82 47","mairie@courtenay.fr",,1
"05/06/2024 09:22:59","Commune",38136,213801368,"Crachier","CA Porte de l'Isère (C.A.P.I)",2,"OUI",598,"5 ROUTE DE BOURGOIN-JALLIEU",38300,"CRACHIER","04 74 28 43 18","mairie.crachier@wanadoo.fr",,1
"08/01/2025 10:12:31","Commune",38137,213801376,"Cras","CC Saint-Marcellin Vercors Isère Communauté",6,"OUI",443,"12 ROUTE DES ÉCOLES",38210,"CRAS","04 76 07 94 10","mairie.cras@orange.fr",,1
"18/12/2024 16:03:14","Commune",38138,213801384,"Crémieu","CC Les Balcons du Dauphiné",1,"OUI",3553,"PLACE DE LA NATION CHARLES DE GAULLE - BP 40002",38460,"CRÉMIEU","04 74 90 70 92","contact@mairie-cremieu.com",,1
"05/06/2024 09:30:57","Commune",38439,200055556,"Crêts en Belledonne","CC Le Grésivaudan",9,"OUI",3444,"1 PLACE DE LA MAIRIE",38830,"CRÊTS EN BELLEDONNE","04 76 45 11 10","cretsenbelledonne@mairieceb.fr",,1
"05/06/2024 09:22:59","Commune",38139,213801392,"Creys-Mépieu","CC Les Balcons du Dauphiné",1,"OUI",1570,"35 PLACE DE LA MAIRIE",38510,"CREYS-MEYPIEU","04 74 97 72 86","mairie@creys-mepieu.com",,1
"05/06/2024 09:30:57","Commune",38140,213801400,"Crolles","CC Le Grésivaudan",9,"OUI",8569,"1 PLACE DE LA MAIRIE",38921,"CROLLES","04 76 08 04 54","bienvenue@ville-crolles.fr",,1
"08/01/2025 10:12:31","Commune",38141,213801418,"Culin","CC Bièvre Isère",4,"OUI",770,"51 ROUTE DE FONTAINE-CHEVROT",38300,"CULIN","04 74 92 00 12","mairie@culin.fr",,1
"24/05/2024 10:22:06","Commune",38253,200064434,"Deux Alpes (Les)","CC de l'Oisans",8,"OUI",1969,"48 AVENUE DE LA MUZELLE - BP12",38860,"LES DEUX ALPES","06 74 59 16 48","accueil@mairie2alpes.fr",,1
"05/06/2024 09:22:59","Commune",38144,213801442,"Diémoz","CC COLL'in Communauté",2,"OUI",2920,"6 PLACE HENRI BOUSSON",38790,"DIEMOZ","04 78 96 20 08","mairie-diemoz@wanadoo.fr",,1
"18/12/2024 16:03:14","Commune",38146,213801467,"Dizimieu","CC Les Balcons du Dauphiné",1,"OUI",844,"55 RUE DE L'ÉGLISE",38460,"DIZIMIEU","04 74 90 72 39","secretariat.dizimieu@orange.fr",,1
"08/01/2025 10:12:31","Commune",38147,213801475,"Doissin","CC Les Vals du Dauphiné",2,"OUI",907,"2 PLACE DE LA MAIRIE",38730,"DOISSIN","04 74 92 33 66","secretariat-mairie@doissin.fr",,1
"18/12/2024 16:03:14","Commune",38148,213801483,"Dolomieu","CC Les Vals du Dauphiné",2,"OUI",3292,"14 PLACE DÉODAT GRATET",38110,"DOLOMIEU","04 74 88 01 76","mairie@dolomieu.fr",,1
"05/06/2024 09:22:59","Commune",38149,213801491,"Domarin","CA Porte de l'Isère (C.A.P.I)",2,"OUI",1706,"33 BIS AVENUE DU BOURG",38300,"DOMARIN","04 74 93 18 67","mairie@domarin.fr",,1
"05/06/2024 09:22:59","Commune",38152,200049815,"Eclose-Badinières","CA Porte de l'Isère (C.A.P.I)",2,"OUI",1519,"40 PLACE DES TILLEULS",38300,"ECLOSE-BADINIÈRES","04 74 92 00 21","mairie@eclose-badinieres.fr",,1
"05/06/2024 11:05:35","Commune",38153,213801533,"Engins","CC du Massif du Vercors",6,"OUI",453,"ROUTE JOSEPH COYNEL",38360,"ENGINS","04 76 94 49 13","mairie@engins.fr",,1
"18/12/2024 16:03:08","Commune",38154,213801541,"Entraigues","CC de la Matheysine",7,"OUI",227,"1 PLACE DE LA MAIRIE",38740,"ENTRAIGUES","04 76 30 20 18","mairie.entraigues38@orange.fr",,1
"18/12/2024 16:03:11","Commune",38155,213801558,"Entre-deux-Guiers","CC Coeur de Chartreuse",5,"OUI",1920,"1 PLACE DU 11 NOVEMBRE 1918",38380,"ENTRE-DEUX-GUIERS","04 76 66 05 05","direction@entredeuxguiers.fr",,1
"05/06/2024 09:22:59","Commune",38156,213801566,"Éparres (Les)","CA Porte de l'Isère (C.A.P.I)",2,"OUI",995,"81 ROUTE DU VILLAGE",38300,"LES ÉPARRES","04 74 92 01 60","secretariat@mairieleseparres.fr",,1
"18/12/2024 16:03:13","Commune",38157,213801574,"Estrablin","CA Vienne Condrieu",3,"OUI",3718,"210 RUE DE L'EUROPE",38780,"ESTRABLIN","04 74 59 44 81","mairie@estrablin.fr",,1
"08/01/2025 10:12:31","Commune",38159,213801590,"Eydoche","CC de Bièvre Est",4,"OUI",548,"2 CHEMIN DE LA VIE CHAPOT",38690,"EYDOCHE","04 76 55 81 81","mairie@eydoche.fr",,1
"18/12/2024 16:03:13","Commune",38160,213801608,"Eyzin-Pinet","CA Vienne Condrieu",3,"OUI",2425,"7 PLACE DE LA MAIRIE",38780,"EYZIN-PINET","04 74 58 47 14","contact@eyzin-pinet.fr",,1
"18/12/2024 16:03:13","Commune",38161,213801616,"Faramans","CC Bièvre Isère",4,"OUI",1141,"119 MONTÉE DE L'ÉGLISE",38260,"FARAMANS","04 74 54 22 97","mairie.faramans@gmail.com",,1
"08/01/2025 10:12:34","Commune",38162,213801624,"Faverges-de-la-Tour","CC Les Vals du Dauphiné",2,"OUI",1508,"66 RUE DE LA ROLANDIÈRE",38110,"FAVERGES-DE-LA-TOUR","04 74 88 80 86","secretariat@faverges-tour.fr",,1
"05/06/2024 09:30:57","Commune",38166,213801665,"Flachère (La)","CC Le Grésivaudan",9,"OUI",466,"371 RUE DES BASSINS",38530,"LA FLACHÈRE","04 76 97 31 08","contact@mairie-la-flachere.com",,1
"05/06/2024 09:30:56","Commune",38167,213801673,"Flachères","CC de Bièvre Est",4,"OUI",561,"1 RUE DU VILLAGE",38690,"FLACHÈRES","07 47 54 45 33","mairie.flacheres@wanadoo.fr",,1
"08/01/2025 10:12:31","Commune",38171,213801715,"Forteresse (La)","CC Bièvre Isère",4,"OUI",341,"85C ROUTE DE VALETTE",38590,"LA FORTERESSE","04 76 65 44 59","secretariat@mairie-la-forteresse.fr",,1
"05/06/2024 09:22:59","Commune",38172,213801723,"Four","CA Porte de l'Isère (C.A.P.I)",2,"OUI",1691,"32 GRANDE RUE",38080,"FOUR","04 74 92 70 80","contactmairie@four38.fr",,1
"08/01/2025 10:12:33","Commune",38173,213801731,"Freney-d'Oisans (Le)","CC de l'Oisans",8,"OUI",256,"LE VILLAGE",38142,"LE FRENEY D'OISANS","04 76 80 04 59","mairie.freney@wanadoo.fr",,1
"18/12/2024 16:03:13","Commune",38174,213801749,"Frette (La)","CC Bièvre Isère",4,"OUI",1116,"93 ROUTE DE LYON",38260,"LA FRETTE","04 74 54 64 08","mairie.lafrette@wanadoo.fr",,1
"05/06/2024 09:30:57","Commune",38175,213801756,"Froges","CC Le Grésivaudan",9,"OUI",3401,"142 BD DE LA RÉPUBLIQUE",38190,"FROGES","04 76 71 40 65","contact@villedefroges.fr",,1
"18/12/2024 16:03:14","Commune",38176,213801764,"Frontonas","CC Les Balcons du Dauphiné",1,"OUI",2151,"246 PLACE DU VILLAGE",38290,"FRONTONAS","04 74 94 24 65","sg@frontonas.fr",,1
"24/05/2024 10:22:20","Commune",38177,213801772,"Garde (La)","CC de l'Oisans",8,"OUI",99,"3 CHEMIN DE LA BENNE - VILLAGE DE LA VILLE",38520,"LA GARDE EN OISANS","04 76 80 03 21","mairiedelagarde@orange.fr",,1
"18/12/2024 16:03:13","Commune",38180,213801806,"Gillonnay","CC Bièvre Isère",4,"OUI",1042,"PLACE DE LA MAIRIE",38260,"GILLONNAY","04 74 20 53 44","mairie@gillonnay.fr",,1
"05/06/2024 09:30:57","Commune",38181,213801814,"Goncelin","CC Le Grésivaudan",9,"OUI",2541,"4 PLACE DE LA MAIRIE",38570,"GONCELIN","04 76 71 78 75","dgs@goncelin.fr",,1
"08/01/2025 10:12:33","Commune",38182,213801822,"Grand-Lemps (Le)","CC de Bièvre Est",4,"OUI",3141,"6 RUE LAMARTINE",38690,"LE GRAND-LEMPS","04 76 55 80 34","mairie@legrandlemps.fr",,1
"18/12/2024 16:03:10","Commune",38183,213801830,"Granieu","CC Les Vals du Dauphiné",2,"OUI",526,"1 PLACE DE LA MAIRIE",38490,"GRANIEU","04 76 31 72 75","mairie@granieu.fr",,1
"18/12/2024 16:03:12","Commune",38184,213801848,"Grenay","CC COLL'in Communauté",2,"OUI",1644,"1 GRANDE PLACE",38540,"GRENAY","04 78 40 88 09","mairie@grenay38.fr",,1
"08/01/2025 10:12:31","Commune",38186,213801863,"Gresse-en-Vercors","CC du Trièves",7,"OUI",374,"1 PLACE DU DOCTEUR CUYNAT",38650,"GRESSE-EN-VERCORS","04 76 34 31 94","mairie@gresse-en-Vercors.fr",,1
"18/12/2024 16:03:12","Commune",38189,213801897,"Heyrieux","CC COLL'in Communauté",2,"OUI",4771,"PLACE PAUL DOUMER - BP28",38540,"HEYRIEUX","04 78 40 00 14","mairie@heyrieux.fr",,1
"18/12/2024 16:03:14","Commune",38190,213801905,"Hières-sur-Amby","CC Les Balcons du Dauphiné",1,"OUI",1174,"1 PLACE DE LA RÉPUBLIQUE",38118,"HIÈRES-SUR-AMBY","04 74 95 12 09","mairie@hieres-sur-amby.fr",,1
"24/05/2024 10:22:26","Commune",38191,213801913,"Huez","CC de l'Oisans",8,"OUI",1313,"226 ROUTE DE LA POSTE",38750,"L'ALPE D'HUEZ","04 76 11 21 21","info@mairie-alpedhuez.fr",,1
"18/12/2024 16:03:12","Commune",38192,213801921,"Hurtières","CC Le Grésivaudan",9,"OUI",217,"563 GRANDE ROUTE",38570,"HURTIÈRES","04 76 71 08 03","mairiehurtieres@orange.fr",,1
"05/06/2024 09:23:00","Commune",38193,213801939,"Isle-d'Abeau (L')","CA Porte de l'Isère (C.A.P.I)",2,"OUI",17441,"12 RUE DE L'HOTEL DE VILLE - CS 45006",38081,"L'ISLE-D'ABEAU CEDEX","04 74 18 20 00","contact@mairie-ida.com",,1
"08/01/2025 10:12:31","Commune",38194,213801947,"Izeaux","CC de Bièvre Est",4,"OUI",2187,"7 RUE EMILE ZOLA",38140,"IZEAUX","04 76 93 80 64","contact@izeaux.fr",,1
"05/06/2024 11:05:35","Commune",38195,213801954,"Izeron","CC Saint-Marcellin Vercors Isère Communauté",6,"OUI",763,"150 GRANDE RUE",38160,"IZERON","04 76 38 28 02","izeron.mairie@wanadoo.fr",,1
"05/06/2024 09:22:59","Commune",38197,213801970,"Janneyrias","CC Lyon Saint Exupéry en Dauphiné",1,"OUI",1869,"30 ROUTE DE CRÉMIEU",38280,"JANNEYRIAS","04 78 32 02 43","accueil.secretariat@janneyrias.fr",,1
"18/12/2024 16:03:12","Commune",38198,213801988,"Jarcieu","CC Entre Bièvre et Rhône",3,"OUI",1152,"1 PLACE DE LA MAIRIE",38270,"JARCIEU","04 74 84 85 26","mairie.jarcieu@entre-bievreetrhone.fr",,1
"18/12/2024 16:03:13","Commune",38199,213801996,"Jardin","CA Vienne Condrieu",3,"OUI",2224,"1 PLACE DE LA MAIRIE",38200,"JARDIN","04 74 31 89 31","mairie@mairie-jardin.fr",,1
"18/12/2024 16:03:08","Commune",38203,213802036,"Laffrey","CC de la Matheysine",7,"OUI",476,"66 ROUTE NAPOLÉON",38220,"LAFFREY","04 76 73 10 21","mairie@laffrey.fr",,1
"05/06/2024 11:05:36","Commune",38204,213802044,"Lalley","CC du Trièves",7,"OUI",192,"165 ROUTE DE LA SCIE",38930,"LALLEY","04 76 34 70 39","mairiedelalley@wanadoo.fr",,1
"05/06/2024 11:05:36","Commune",38205,213802051,"Lans-en-Vercors","CC du Massif du Vercors",6,"OUI",2788,"1 PLACE DE LA MAIRIE",38250,"LANS EN VERCORS","04 76 95 40 44","mairie@lansenvercors.fr",,1
"18/12/2024 16:03:12","Commune",38206,213802069,"Laval-en-Belledonne","CC Le Grésivaudan",9,"OUI",1027,"17 RUE DE LA MAIRIE",38190,"LAVAL-EN-BELLEDONNE","04 76 71 42 88","mairie@laval-en-belledonne.fr",,1
"18/12/2024 16:03:08","Commune",38207,213802077,"Lavaldens","CC de la Matheysine",7,"OUI",161,"194 ROUTE DU TAILLEFER",38350,"LAVALDENS","04 76 81 39 89","accueil@lavaldens.fr",,1
"08/01/2025 10:12:31","Commune",38208,213802085,"Lavars","CC du Trièves",7,"OUI",160,"PLACE DE LA MAIRIE LE VILLAGE",38710,"LAVARS","04 76 34 98 86","mairie.de.lavars@wanadoo.fr",,1
"05/06/2024 09:23:01","Commune",38209,213802093,"Lentiol","CC Bièvre Isère",4,"OUI",252,"23 PLACE DE LA MAIRIE",38270,"LENTIOL","04 74 84 78 63","mairie.lentiol@wanadoo.fr",,1
"08/01/2025 10:12:32","Commune",38210,213802101,"Leyrieu","CC Les Balcons du Dauphiné",1,"OUI",935,"1435 ROUTE DE LA BALME",38460,"LEYRIEU","04 74 90 91 97","mairie.leyrieu@wanadoo.fr",,1
"18/12/2024 16:03:10","Commune",38211,213802119,"Lieudieu","CC Bièvre Isère",4,"OUI",355,"88 MONTEE DE L'ÉGLISE",38440,"LIEUDIEU","09 65 36 71 42","mairie.lieudieu@wanadoo.fr",,1
"24/05/2024 10:22:31","Commune",38212,213802127,"Livet-et-Gavet","CC de l'Oisans",8,"OUI",1274,"31 ROUTES DES ALPES",38220,"LIVET-ET-GAVET","04 76 68 40 46","mairie@mairie-livetgavet.fr",,1
"18/12/2024 16:03:13","Commune",38213,213802135,"Longechenal","CC Bièvre Isère",4,"OUI",610,"131 RUE DE LA SOIERIE",38690,"LONGECHENAL","04 76 55 50 80","administratif@commune-longechenal.fr",,1
"18/12/2024 16:03:12","Commune",38214,213802143,"Lumbin","CC Le Grésivaudan",9,"OUI",2242,"1 PLACE DU GÉNÉRAL DE GAULLE",38660,"LUMBIN","06 88 50 04 28","bienvenue@lumbin.fr",,1
"08/01/2025 10:12:32","Commune",38215,213802150,"Luzinay","CA Vienne Condrieu",3,"OUI",2451,"PLACE DE LA MAIRIE",38200,"LUZINAY","04 74 57 98 41","accueil@mairie-luzinay.fr",,1
"05/06/2024 11:05:36","Commune",38216,213802168,"Malleval-en-Vercors","CC Saint-Marcellin Vercors Isère Communauté",6,"OUI",57,"41 RUE GEORGES GLÉNAT",38470,"MALLEVAL EN VERCORS","04 76 38 31 31","malleval.mairie@gmail.com",,1
"21/03/2024 12:45:06","Commune",38217,213802176,"Marcieu","CC de la Matheysine",7,"OUI",70,"2 ROUTE COMTESSE DE GANAY",38350,"MARCIEU","04 76 30 74 83","mairiedemarcieu@gmail.com",,1
"18/12/2024 16:03:13","Commune",38218,213802184,"Marcilloles","CC Bièvre Isère",4,"OUI",1203,"169  AVENUE DE LA GARE",38260,"MARCILLOLES","04 74 54 01 54","contact@marcilloles.fr",,1
"08/01/2025 10:12:31","Commune",38219,213802192,"Marcollin","CC Bièvre Isère",4,"OUI",639,"41 ROUTE DE VIRIVILLE",38270,"MARCOLLIN","04 74 84 64 78","mairie@marcollin.fr",,1
"05/06/2024 09:23:01","Commune",38221,213802218,"Marnans","CC Bièvre Isère",4,"OUI",139,"3 PLACE DU PRIEURÉ",38980,"MARNANS","04 76 36 22 21","mairie-de-marnans@wanadoo.fr",,1
"18/12/2024 16:03:11","Commune",38222,213802226,"Massieu","CA du Pays Voironnais",5,"OUI",760,"65 ALLÉE DU CHÂTEAU",38620,"MASSIEU","06 42 55 77 40","mairie.massieu@paysvoironnais.com",,1
"05/06/2024 09:23:00","Commune",38223,213802234,"Maubec","CA Porte de l'Isère (C.A.P.I)",2,"OUI",1978,"103 ROUTE DU DAUPHINÉ",38300,"MAUBEC","04 74 93 16 76","contact@mairie-maubec.fr",,1
"18/12/2024 16:03:08","Commune",38224,213802242,"Mayres-Savel","CC de la Matheysine",7,"OUI",90,"20 CHEMIN DE LA MAIRIE",38350,"MAYRES-SAVEL","04 76 81 04 70","mairie.mayressavel@gmail.com",,1
"08/01/2025 10:12:33","Commune",38226,213802267,"Mens","CC du Trièves",7,"OUI",1479,"10 PLACE DE LA MAIRIE",38710,"MENS","04 76 34 61 21","secretariat@mens.fr",,1
"18/12/2024 16:03:11","Commune",38228,213802283,"Merlas","CA du Pays Voironnais",5,"OUI",487,"73 ROUTE DES GORGEOTS",38620,"MERLAS","04 76 07 52 80","mairie.merlas@orange.fr",,1
"05/06/2024 09:23:00","Commune",38230,213802309,"Meyrié","CA Porte de l'Isère (C.A.P.I)",2,"OUI",1098,"1 PLACE DE L'ÉGLISE",38300,"MEYRIÉ","04 74 93 05 75","mairie@meyrie.fr",,1
"08/01/2025 10:12:31","Commune",38231,213802317,"Meyrieu-les-Étangs","CC Bièvre Isère",4,"OUI",1058,"55 CHEMIN DU RU",38440,"MEYRIEU-LES-ÉTANGS","04 74 58 30 36","mairie@meyrieulesetangs.fr  ",,1
"08/01/2025 10:12:32","Commune",38232,213802325,"Meyssiez","CA Vienne Condrieu",3,"OUI",657,"109 CHEMIN DES EMPEREURS",38440,"MEYSSIEZ","04 74 58 47 76","mairie.meyssiez@orange.fr",,1
"18/12/2024 16:03:11","Commune",38236,213802366,"Miribel-les-Échelles","CC Coeur de Chartreuse",5,"OUI",1805,"1 PLACE DE LA FONTAINE",38380,"MIRIBEL-LES-ÉCHELLES","04 76 55 28 18","mairie-mle38@orange.fr",,1
"24/05/2024 10:22:38","Commune",38237,213802374,"Mizoën","CC de l'Oisans",8,"OUI",194,"62 ROUTE D'EMPARIS",38142,"MIZOËN","04 76 80 11 39","mairie@mizoen.fr",,1
"18/12/2024 16:03:13","Commune",38238,213802382,"Moidieu-Détourbe","CA Vienne Condrieu",3,"OUI",2024,"115 ROUTE DE VERNÉA",38440,"MOIDIEU-DÉTOURBE","04 74 58 13 01","contact@moidieu-detourbe.fr",,1
"18/12/2024 16:03:11","Commune",38239,213802390,"Moirans","CA du Pays Voironnais",5,"OUI",7718,"PLACE DE L'ASSEMBLÉE DÉPARTEMENTALE",38430,"MOIRANS","04 76 35 44 55","mairie@ville-moirans.fr",,1
"18/12/2024 16:03:10","Commune",38240,213802408,"Moissieu-sur-Dolon","CC Entre Bièvre et Rhône",3,"OUI",745,"84 RUE DES PLATANES",38270,"MOISSIEU-SUR-DOLON","04 74 84 57 84","mairie.moissieu@entre-bievreetrhone.fr",,1
"18/12/2024 16:03:08","Commune",38241,213802416,"Monestier-d'Ambel","CC de la Matheysine",7,"OUI",14,"LE VILLAGE",38970,"MONESTIER D'AMBEL","04 76 30 00 76","mairie.monestierdambel@wanadoo.fr",,1
"08/01/2025 10:12:31","Commune",38242,213802424,"Monestier-de-Clermont","CC du Trièves",7,"OUI",1480,"103 GRAND RUE",38650,"MONESTIER-DE-CLERMONT","04 76 34 06 20","mairie@monestierdeclermont.fr",,1
"05/06/2024 11:05:36","Commune",38243,213802432,"Monestier-du-Percy","CC du Trièves",7,"OUI",254,"96 ROUTE DE LA REMISE - LE VILLAGE",38930,"LE MONESTIER-DU-PERCY","04 76 34 40 65","monestierdupercy@wanadoo.fr",,1
"08/01/2025 10:12:31","Commune",38244,213802440,"Monsteroux-Milieu","CC Entre Bièvre et Rhône",3,"OUI",813,"110 CHEMIN DE LA VARÈZE",38122,"MONSTEROUX-MILIEU","04 74 57 83 50","mairie.monsteroux@entre-bievreetrhone.fr",,1
"05/06/2024 11:05:36","Commune",38245,213802457,"Montagne","CC Saint-Marcellin Vercors Isère Communauté",6,"OUI",276,"262 RUE DU VILLAGE",38160,"MONTAGNE","04 76 36 40 15","mairie@commune-montagne.fr",,1
"18/12/2024 16:03:12","Commune",38246,213802465,"Montagnieu","CC Les Vals du Dauphiné",2,"OUI",1191,"17 ROUTE DU VILLAGE",38110,"MONTAGNIEU","04 74 97 08 04","contact@montagnieu-isere.fr",,1
"08/01/2025 10:12:32","Commune",38247,213802473,"Montalieu-Vercieu","CC Les Balcons du Dauphiné",1,"OUI",3559,"6 PLACE DE LA MAIRIE",38390,"MONTALIEU-VERCIEU","04 74 88 50 95","mairie@montalieuvercieu.fr",,1
"18/12/2024 16:03:13","Commune",38248,213802481,"Montaud","CC Saint-Marcellin Vercors Isère Communauté",6,"OUI",542,"1 PLACE DU VILLAGE",38210,"MONTAUD","04 76 93 65 79","mairie@montaud.fr",,1
"05/06/2024 10:04:18","Commune",38249,213802499,"Montbonnot-Saint-Martin","CC Le Grésivaudan",9,"OUI",6057,"CHÂTEAU DE MIRIBEL - BP 14",38330,"MONTBONNOT-SAINT-MARTIN","04 76 90 56 36","contact@montbonnot.fr",,1
"08/01/2025 10:12:31","Commune",38250,213802507,"Montcarra","CC Les Balcons du Dauphiné",1,"OUI",608,"361 GRANDE RUE",38890,"MONTCARRA","04 74 92 43 31","contact@montcarra.fr",,1
"18/12/2024 16:03:08","Commune",38254,213802549,"Monteynard","CC de la Matheysine",7,"OUI",504,"142 RUE DES BLAIS",38770,"MONTEYNARD","04 76 30 63 43","mairiemonteynard38@gmail.com",,1
"18/12/2024 16:03:12","Commune",38255,213802556,"Montfalcon","CC Bièvre Isère",4,"OUI",137,"1 ROUTE DE MONTRIGAUD",38940,"MONTFALCON","04 76 36 26 07","mairie.montfalcon@wanadoo.fr",,1
"18/12/2024 16:03:11","Commune",38256,213802564,"Montferrat","CA du Pays Voironnais",5,"OUI",1863,"150 PLACE PÉGOUD",38620,"MONTFERRAT","04 76 32 30 02","mairie@montferrat38.fr",,1
"08/01/2025 10:12:31","Commune",38257,213802572,"Montrevel","CC Les Vals du Dauphiné",2,"OUI",454,"18 CHEMIN DE LA CHEVALÈRE",38690,"MONTREVEL","04 74 92 24 87","mairie.montrevel@orange.fr",,1
"08/01/2025 10:12:33","Commune",38259,213802598,"Montseveroux","CC Entre Bièvre et Rhône",3,"OUI",1011,"93 PLACE DU CHÂTEAU",38122,"MONTSEVEROUX","04 74 59 24 53","mairie.montseveroux@entre-bievreetrhone.fr",,1
"18/12/2024 16:03:14","Commune",38260,213802606,"Moras","CC Les Balcons du Dauphiné",1,"OUI",544,"1188 ROUTE DE CRÉMIEU",38460,"MORAS","04 74 90 70 62","moras.mairie@wanadoo.fr",,1
"18/12/2024 16:03:14","Commune",38261,213802614,"Morestel","CC Les Balcons du Dauphiné",1,"OUI",4586,"PLACE DE L'HOTEL DE VILLE - BP 6",38510,"MORESTEL","04 74 80 09 77","mairie@morestel.fr",,1
"18/12/2024 16:03:13","Commune",38263,213802630,"Morette","CC Saint-Marcellin Vercors Isère Communauté",6,"OUI",372,"1 PLACE JOSEPH GARAVEL",38210,"MORETTE","04 76 07 81 58","commune.morette@wanadoo.fr",,1
"18/12/2024 16:03:08","Commune",38264,213802648,"Morte (La)","CC de la Matheysine",7,"OUI",139,"PLACE DE LA MAIRIE",38350,"LA MORTE","04 76 72 18 73","mairie@mairielamorte.fr",,1
"21/03/2024 12:45:13","Commune",38265,213802655,"Motte-d'Aveillans (La)","CC de la Matheysine",7,"OUI",1752,"1 PLACE ALBERT RIVET",38770,"LA MOTTE-D'AVEILLANS","04 76 30 60 16","communelamotte@gmail.com",,1
"21/03/2024 12:45:10","Commune",38266,213802663,"Motte-Saint-Martin (La)","CC de la Matheysine",7,"OUI",462,"1 ESPACE JEAN MAGNAT - LA MOLIÈRE",38770,"LA MOTTE-SAINT-MARTIN","04 76 30 65 53","mairie@lamottesaintmartin.fr",,1
"28/01/2025 17:00:16","Commune",38267,213802671,"Mottier","CC Bièvre Isère",4,"OUI",817,"10 ROUTE DE L'ALAMBIC",38260,"LE MOTTIER","04 74 54 42 07","mairie@lemottier.fr",,1
"08/01/2025 10:12:30","Commune",38269,213802697,"Mure (La)","CC de la Matheysine",7,"OUI",5113,"PLACE DE LA LIBERTE - BP 62",38350,"MURE (LA)","04 76 81 50 60","contact@mairiedelamure.fr",,1
"18/12/2024 16:03:11","Commune",38270,213802705,"Murette (La)","CA du Pays Voironnais",5,"OUI",1910,"200 RUE DU BOURG",38140,"LA MURETTE","04 76 05 29 25","contact@mairie-lamurette.fr",,1
"18/12/2024 16:03:13","Commune",38272,213802721,"Murinais","CC Saint-Marcellin Vercors Isère Communauté",6,"OUI",411,"40 PLACE DU SOUVENIR FRANÇAIS",38160,"MURINAIS","04 76 64 23 57","mairie@murinais.fr",,1
"18/12/2024 16:03:08","Commune",38273,213802739,"Nantes-en-Ratier","CC de la Matheysine",7,"OUI",483,"90 ROUTE DE LA MÛRE - LE BOURG",38350,"NANTES-EN-RATIER","04 76 81 14 89","communedenantesenrattier@orange.fr",,1
"05/06/2024 09:23:00","Commune",38276,213802762,"Nivolas-Vermelle","CA Porte de l'Isère (C.A.P.I)",2,"OUI",2702,"231 RUE DE L'HÔTEL DE VILLE",38300,"NIVOLAS-VERMELLE","04 74 92 19 35","mairie@nivolas-vermelle.fr",,1
"18/12/2024 16:03:13","Commune",38278,213802788,"Notre-Dame-de-l'Osier","CC Saint-Marcellin Vercors Isère Communauté",6,"OUI",518,"39 ROUTE DE LA FORGE",38470,"NOTRE-DAME-DE-L'OSIER","04 76 36 61 77","ndomairie@wanadoo.fr",,1
"21/03/2024 12:45:10","Commune",38280,213802804,"Notre-Dame-de-Vaulx","CC de la Matheysine",7,"OUI",543,"1 PLACE VICTOR COLLOMB",38144,"NOTRE-DAME-DE-VAULX","04 76 30 64 73","mairienotredamedevaulx@orange.fr",,1
"08/01/2025 10:12:32","Commune",38282,213802820,"Optevoz","CC Les Balcons du Dauphiné",1,"OUI",904,"314 RUE PHILIPPE TASSIER",38460,"OPTEVOZ","04 74 83 81 76","mairie.optevoz@wanadoo.fr",,1
"18/12/2024 16:03:08","Commune",38283,213802838,"Oris-en-Rattier","CC de la Matheysine",7,"OUI",108,"LA VILLE - 265 RUE DE LA MAIRIE",38350,"ORIS-EN-RATTIER","04 76 81 09 76","mairieoris38350@gmail.com",,1
"18/12/2024 16:03:13","Commune",38284,200083038,"Ornacieux-Balbins","CC Bièvre Isère",4,"OUI",890,"197 CHEMIN DE LA RAZ",38260,"ORNACIEUX-BALBINS","04 74 20 47 21","secretariat@ornacieux-balbins.fr",,1
"18/12/2024 16:03:08","Commune",38285,213802853,"Ornon","CC de l'Oisans",8,"OUI",163,"LA POYAT",38520,"ORNON","04 76 80 46 38","mairie@ornon.fr",,1
"08/01/2025 10:12:30","Commune",38286,213802861,"Oulles","CC de l'Oisans",8,"OUI",13,"77 CHEMIN DES DEUX-FONTAINES",38520,"OULLES","04 76 80 06 13","communeoulles@orange.fr",,1
"08/01/2025 10:12:30","Commune",38287,213802879,"Oyeu","CC de Bièvre Est",4,"OUI",1095,"412 ROUTE DU BOURG",38690,"OYEU","04 76 06 69 60","secretariat@oyeu.fr",,1
"18/12/2024 16:03:12","Commune",38288,213802887,"Oytier-Saint-Oblas","CC COLL'in Communauté",2,"OUI",1753,"1 PLACE MAIRIE",38780,"OYTIER-SAINT-OBLAS","04 74 58 26 08","mairie.contact@oytier.fr",,1
"05/06/2024 10:04:19","Commune",38289,213802895,"Oz","CC de l'Oisans",8,"OUI",216,"35 ROUTE D'OZ - LE VILLAGE",38114,"OZ EN OISANS","04 76 80 70 42","secretariat@mairie-oz.com",,1
"18/12/2024 16:03:12","Commune",38290,213802903,"Pact","CC Entre Bièvre et Rhône",3,"OUI",879,"274 GRANDE RUE",38270,"PACT","04 74 84 87 60","mairie.pact@entre-bievreetrhone.fr",,1
"18/12/2024 16:03:13","Commune",38291,213802911,"Pajay","CC Bièvre Isère",4,"OUI",1105,"15 PLACE DU 19 MARS 1962",38260,"PAJAY","04 74 54 26 03","mairie.pajay@wanadoo.fr",,1
"18/12/2024 16:03:14","Commune",38294,213802945,"Panossas","CC Les Balcons du Dauphiné",1,"OUI",689,"91 CHEMIN DES FUZIERS",38460,"PANOSSAS","04 74 90 20 08","contact@panossas.fr",,1
"18/12/2024 16:03:10","Commune",38295,213802952,"Parmilieu","CC Les Balcons du Dauphiné",1,"OUI",745,"6 PLACE DE LA MAIRIE",38390,"PARMILIEU","04 74 90 62 84","secretariat@parmilieu.fr",,1
"08/01/2025 10:12:32","Commune",38296,213802960,"Passage (Le)","CC Les Vals du Dauphiné",2,"OUI",977,"21 ROUTE SAINT-DIDIER",38490,"LE PASSAGE","04 74 88 14 07","mairie@le-passage-en-dauphine.fr",,1
"18/12/2024 16:03:13","Commune",38298,213802986,"Péage-de-Roussillon (Le)","CC Entre Bièvre et Rhône",3,"OUI",6563,"35 RUE ADOLPHE GARILLAND",38550,"LE PÉAGE-DE-ROUSSILON","04 74 11 15 55","secretariat.general@le-peage-de-roussillon.fr",,1
"18/12/2024 16:03:08","Commune",38299,213802994,"Pellafol","CC de la Matheysine",7,"OUI",138,"276 RUE DU GRAND VENT",38970,"PELLAFOL","06 85 86 34 85","mairie-pellafol@wanadoo.fr",,1
"08/01/2025 10:12:33","Commune",38300,213803000,"Penol","CC Bièvre Isère",4,"OUI",377,"573 ROUTE DE LA COTE",38260,"PENOL","04 74 54 22 95","contact@mairiepenol.fr",,1
"05/06/2024 11:05:36","Commune",38301,213803018,"Percy (Le)","CC du Trièves",7,"OUI",171,"LE VILLAGE",38930,"LE PERCY","04 76 34 46 04","mairielepercy@wanadoo.fr",,1
"18/12/2024 16:03:12","Commune",38303,213803034,"Pierre (La)","CC Le Grésivaudan",9,"OUI",641,"RUE DE LA MAIRIE",38570,"LA PIERRE","04 76 71 38 95","mairielapierre@wanadoo.fr",,1
"08/01/2025 10:12:31","Commune",38304,213803042,"Pierre-Châtel","CC de la Matheysine",7,"OUI",1528,"PLACE HENRI ET MARTHE GAILLARD",38119,"PIERRE-CHATEL","04 76 83 06 37","contact@pierre-chatel.fr",,1
"18/12/2024 16:03:10","Commune",38307,213803075,"Pisieu","CC Entre Bièvre et Rhône",3,"OUI",535,"6 PLACE DE LA MAIRIE",38270,"PISIEU","04 74 84 57 51","mairie.pisieu@entre-bievreetrhone.fr",,1
"08/01/2025 10:12:31","Commune",38308,213803083,"Plan","CC Bièvre Isère",4,"OUI",294,"145 RUE JEAN BERNARD",38590,"PLAN","04 76 65 59 31","plan.38590@wanadoo.fr",,1
"05/06/2024 09:30:57","Commune",38395,200086767,"Plateau-des-Petites-Roches","CC Le Grésivaudan",9,"OUI",2489,"SAINT-HILAIRE - 4965 ROUTE DES 3 VILLAGES",38660,"PLATEAU-DES-PETITES-ROCHES","04 76 08 31 48","mairie@petites-roches.org",,1
"18/12/2024 16:03:13","Commune",38310,213803109,"Poliénas","CC Saint-Marcellin Vercors Isère Communauté",6,"OUI",1172,"2 PLACE DU DOCTEUR VALOIS",38210,"POLIENAS","04 76 07 04 28","mairie@polienas.fr",,1
"18/12/2024 16:03:10","Commune",38311,213803117,"Pommier-de-Beaurepaire","CC Entre Bièvre et Rhône",3,"OUI",744,"11 PLACE DE LA MAIRIE",38260,"POMMIER-DE-BEAUREPAIRE","04 74 54 29 92","mairie.pommier@entre-bievreetrhone.fr",,1
"08/01/2025 10:12:32","Commune",38313,213803133,"Ponsonnas","CC de la Matheysine",7,"OUI",299,"147 RUE DU MONT AIGUILLE",38350,"PONSONNAS","04 76 81 13 03","mairie-de-ponsonnas@wanadoo.fr",,1
"08/01/2025 10:12:33","Commune",38315,213803158,"Pont-de-Beauvoisin (Le)","CC Les Vals du Dauphiné",2,"OUI",3711,"3 BIS AVENUE GABRIEL PRAVAZ",38480,"PONT-DE-BEAUVOISIN","04 76 37 00 10","accueil@mairie-pontdebeauvoisin38.fr",,1
"05/06/2024 09:22:59","Commune",38316,213803166,"Pont-de-Chéruy","CC Lyon Saint Exupéry en Dauphiné",1,"OUI",6144,"22 RUE DE LA RÉPUBLIQUE",38230,"PONT-DE-CHERUY","04 72 46 91 90","accueil.mairie@pontdecheruy.fr",,1
"08/01/2025 10:12:30","Commune",38319,213803190,"Pont-en-Royans","CC Saint-Marcellin Vercors Isère Communauté",6,"OUI",829,"1 PLACE BASSIANO",38680,"PONT-EN-ROYANS","04 76 36 03 09","mairie.pont.en.royans@wanadoo.fr",,1
"18/12/2024 16:03:13","Commune",38318,213803182,"Pont-Évêque","CA Vienne Condrieu",3,"OUI",5517,"1 PLACE CLAUDE BARBIER BP 50057",38783,"PONT-EVÊQUE CEDEX","04 74 57 28 80","mairie@ville-pont-eveque.fr",,1
"05/06/2024 09:30:58","Commune",38314,213803141,"Pontcharra","CC Le Grésivaudan",9,"OUI",7540,"95 AVENUE DE LA GARE - BP 49",38530,"PONTCHARRA","04 76 97 11 65","courrier@pontcharra.fr",,1
"08/01/2025 10:12:30","Commune",38320,213803208,"Porcieu-Amblagnieu","CC Les Balcons du Dauphiné",1,"OUI",1825,"130 RUE DE LA MAIRIE",38390,"PORCIEU-AMBLAGNIEU","04 74 88 54 81","mairie@porcieu-amblagnieu.com",,1
"08/01/2025 10:12:32","Commune",38479,200084879,"Porte-des-Bonnevaux","CC Bièvre Isère",4,"OUI",2128,"SEMONS - 306 ROUTE DE BEAUREPAIRE",38260,"PORTE-DES-BONNEVAUX","04 74 54 22 15","commune@portedesbonnevaux.fr",,1
"05/06/2024 11:05:37","Commune",38321,213803216,"Prébois","CC du Trièves",7,"OUI",174,"PLACE DE LA MAIRIE",38710,"PRÉBOIS","04 76 34 66 38","mairie.de.prebois@wanadoo.fr",,1
"05/06/2024 11:05:37","Commune",38322,213803224,"Presles","CC Saint-Marcellin Vercors Isère Communauté",6,"OUI",99,"1 PLACE DE LA FONTAINE",38680,"PRESLES","04 76 39 01 86","mairie.presles@wanadoo.fr",,1
"05/06/2024 10:04:18","Commune",38323,213803232,"Pressins","CC Les Vals du Dauphiné",2,"OUI",1195,"1175 ROUTE DU VILLAGE",38480,"PRESSINS","04 76 32 11 20","mairie.pressins@wanadoo.fr",,1
"18/12/2024 16:03:10","Commune",38324,213803240,"Primarette","CC Entre Bièvre et Rhône",3,"OUI",721,"80 RUE DE LA MAIRIE",38270,"PRIMARETTE","04 74 84 57 27","mairie.primarette@entre-bievreetrhone.fr",,1
"18/12/2024 16:03:09","Commune",38326,213803265,"Prunières","CC de la Matheysine",7,"OUI",384,"90 PLACE DE LA MAIRIE",38350,"PRUNIÈRES","04 76 81 08 80","mairie.prunieres38@orange.fr",,1
"08/01/2025 10:12:30","Commune",38329,213803299,"Quet-en-Beaumont","CC de la Matheysine",7,"OUI",75,"LES LAMBERTS - 1352 ROUTE DU CHATEL",38970,"QUET-EN-BEAUMONT","04 76 30 43 03","mairiequetenbeaumont@orange.fr",,1
"18/12/2024 16:03:13","Commune",38330,213803307,"Quincieu","CC Saint-Marcellin Vercors Isère Communauté",6,"OUI",106,"LE VILLAGE",38470,"QUINCIEU","04 76 65 51 78","mairie.quincieu@wanadoo.fr",,1
"18/12/2024 16:03:11","Commune",38331,213803315,"Réaumont","CA du Pays Voironnais",5,"OUI",1038,"10 PLACE DE LA MAIRIE",38140,"RÉAUMONT","04 76 91 05 78","reaumontaccueil@wanadoo.fr",,1
"18/12/2024 16:03:13","Commune",38332,213803323,"Renage","CC de Bièvre Est",4,"OUI",3426,"55 BOULEVARD DOCTEUR VALOIS",38140,"RENAGE","04 76 91 21 12","contact@ville-renage.fr",,1
"05/06/2024 11:05:37","Commune",38333,213803331,"Rencurel","CC Saint-Marcellin Vercors Isère Communauté",6,"OUI",346,"615 RUE DE LA MAIRIE",38680,"RENCUREL","04 76 38 97 48","rencurel.mairie@orange.fr",,1
"18/12/2024 16:03:12","Commune",38334,213803349,"Revel","CC Le Grésivaudan",9,"OUI",1351,"74 PLACE DE LA MAIRIE",38420,"REVEL","04 76 89 82 09","mairie@revel-belledonne.com",,1
"08/01/2025 10:12:33","Commune",38335,213803356,"Revel-Tourdan","CC Entre Bièvre et Rhône",3,"OUI",1066,"50 MONTÉE DU CHÂTEAU",38270,"REVEL-TOURDAN","04 74 84 57 05","mairie.revel-tourdan@entre-bievreetrhone.fr",,1
"18/12/2024 16:03:13","Commune",38336,213803364,"Reventin-Vaugris","CA Vienne Condrieu",3,"OUI",2063,"85 RUE DE LA MAIRIE",38121,"REVENTIN-VAUGRIS","04 74 58 80 17","secretariat@mairiereventinvaugris.fr",,1
"08/01/2025 10:12:30","Commune",38337,213803372,"Rives","CA du Pays Voironnais",5,"OUI",6701,"PLACE DE LA LIBÉRATION - BP 106",38140,"RIVES","04 76 91 46 44","accueil@ville-de-rives.fr",,1
"08/01/2025 10:12:31","Commune",38338,213803380,"Rivière (La)","CC Saint-Marcellin Vercors Isère Communauté",6,"OUI",746,"327 RUE DU BARON",38210,"LA RIVIÈRE","04 76 93 61 52","mairie@lariviere38.fr",,1
"08/01/2025 10:12:32","Commune",38339,213803398,"Roche","CC COLL'in Communauté",2,"OUI",2194,"75 RUE GERARD VERNAY",38090,"ROCHE","04 74 92 72 90","accueil@roche38.fr",,1
"18/12/2024 16:03:13","Commune",38340,213803406,"Roches-de-Condrieu (Les)","CC Entre Bièvre et Rhône",3,"OUI",2039,"RUE JEAN JAURÈS - BP 6",38370,"LES ROCHES-DE-CONDRIEU","04 74 56 56 00","mairie@lesrochesdecondrieu.com",,1
"08/01/2025 10:12:31","Commune",38341,213803414,"Rochetoirin","CC Les Vals du Dauphiné",2,"OUI",1136,"18 ROUTE DU VILLAGE",38110,"ROCHETOIRIN","04 74 97 15 04","mairie@rochetoirin.fr",,1
"05/06/2024 11:05:37","Commune",38342,213803422,"Roissard","CC du Trièves",7,"OUI",325,"451 RUE DU LAVOIR - LE VILLAGE",38650,"ROISSARD","04 76 34 04 20","contact@mairiederoissard.fr",,1
"18/12/2024 16:03:11","Commune",38343,213803430,"Romagnieu","CC Les Vals du Dauphiné",2,"OUI",1721,"5 PLACE DE LA MAIRIE",38480,"ROMAGNIEU","04 76 37 01 78","mairie@romagnieu.fr",,1
"18/12/2024 16:03:13","Commune",38344,213803448,"Roussillon","CC Entre Bièvre et Rhône",3,"OUI",8707,"4 PLACE DE L'ÉDIT",38150,"ROUSSILLON","04 74 29 01 00","mairie.accueil@ville-roussillon-isere.fr",,1
"18/12/2024 16:03:13","Commune",38345,213803455,"Rovon","CC Saint-Marcellin Vercors Isère Communauté",6,"OUI",633,"216 LE VILLAGE",38470,"ROVON","04 76 64 76 62","mairie@rovon.fr",,1
"08/01/2025 10:12:33","Commune",38346,213803463,"Royas","CC Bièvre Isère",4,"OUI",401,"1 PLACE DES TILLEULS",38440,"ROYAS","04 74 58 54 63","commune.royas@orange.fr",,1
"18/12/2024 16:03:12","Commune",38347,213803471,"Roybon","CC Bièvre Isère",4,"OUI",1137,"53 ROUTE DE MONTFALCON",38940,"ROYBON","04 76 36 21 79","mairie@roybon.fr",,1
"05/06/2024 09:23:00","Commune",38348,213803489,"Ruy-Montceau","CA Porte de l'Isère (C.A.P.I)",2,"OUI",4864,"495 RUE DE LA SALIERE - CS 41234",38300,"RUY-MONTCEAU","04 74 43 57 45","mairie@ruy-montceau.fr",,1
"18/12/2024 16:03:13","Commune",38349,213803497,"Sablons","CC Entre Bièvre et Rhône",3,"OUI",2333,"21 ROUTE DES ALPES",38550,"SABLONS","04 74 84 22 18","sablons.mairie@wanadoo.fr",,1
"08/01/2025 10:12:32","Commune",38359,200054526,"Saint Antoine l'Abbaye","CC Saint-Marcellin Vercors Isère Communauté",6,"OUI",1251,"62 PLACE FERDINAND GILIBERT",38160,"SAINT-ANTOINE-L'ABBAYE","04 76 36 42 08","secretariat@stantoinelabbaye.fr",,1
"18/12/2024 16:03:10","Commune",38351,213803513,"Saint-Agnin-sur-Bion","CC Bièvre Isère",4,"OUI",1162,"379 RUE DU BOURG",38300,"SAINT-AGNIN SUR BION","04 74 93 46 51","mairie.st.agninsurbion@wanadoo.fr",,1
"05/06/2024 09:23:00","Commune",38352,213803521,"Saint-Alban-de-Roche","CA Porte de l'Isère (C.A.P.I)",2,"OUI",2173,"55 PLACE DU VILLAGE",38080,"SAINT-ALBAN-DE-ROCHE","04 74 28 78 10","mairie@saintalbanderoche.fr",,1
"18/12/2024 16:03:13","Commune",38353,213803539,"Saint-Alban-du-Rhône","CC Entre Bièvre et Rhône",3,"OUI",930,"1 PLACE DU VILLAGE",38370,"SAINT-ALBAN-DU-RHÔNE","04 74 87 00 41","commune.saintalban.du.rhone@orange.fr",,1
"08/01/2025 10:12:32","Commune",38354,213803547,"Saint-Albin-de-Vaulserre","CC Les Vals du Dauphiné",2,"OUI",423,"332 ROUTE DE LA MAIRIE",38480,"SAINT-ALBIN-DE-VAULSERRE","04 76 32 82 28","mairie.stalbin@orange.fr",,1
"18/12/2024 16:03:09","Commune",38355,213803554,"Saint-Andéol","CC du Trièves",7,"OUI",124,"7 PLACE DE L'ÉGLISE",38650,"SAINT-ANDÉOL","04 76 34 08 69","mairiesaintandeol@orange.fr",,1
"08/01/2025 10:12:30","Commune",38356,213803562,"Saint-André-en-Royans","CC Saint-Marcellin Vercors Isère Communauté",6,"OUI",337,"15 ROUTE DE SAINT ROMANS",38680,"SAINT-ANDRÉ-EN-ROYANS","04 76 36 02 50","mairiestandre38@orange.fr",,1
"05/06/2024 10:04:18","Commune",38357,213803570,"Saint-André-le-Gaz","CC Les Vals du Dauphiné",2,"OUI",2882,"20 RUE LAVOISIER",38490,"SAINT-ANDRÉ-LE-GAZ","04 74 88 11 61","mairie@saintandrelegaz.fr",,1
"08/01/2025 10:12:32","Commune",38360,213803604,"Saint-Appolinard","CC Saint-Marcellin Vercors Isère Communauté",6,"OUI",419,"10 PLACE DU VILLAGE",38160,"SAINT-APPOLINARD","04 76 64 10 78","mairie.st.appolinard@orange.fr",,1
"18/12/2024 16:03:09","Commune",38361,213803612,"Saint-Arey","CC de la Matheysine",7,"OUI",77,"625 ROUTE DE LA MAIRIE - LE VILLAGE",38350,"SAINT-AREY","04 76 81 10 69","mairie-saintarey@wanadoo.fr",,1
"18/12/2024 16:03:11","Commune",38362,213803620,"Saint-Aupre","CA du Pays Voironnais",5,"OUI",1235,"72 ROUTE DU CHAMPTORAZ",38960,"SAINT-AUPRE","04 76 06 01 06","accueil@st-aupre.fr",,1
"08/01/2025 10:12:32","Commune",38363,213803638,"Saint-Barthélemy","CC Entre Bièvre et Rhône",3,"OUI",978,"213 ROUTE DE BEAUREPAIRE",38270,"SAINT-BARTHÉLÉMY","04 74 84 63 25","mairie.saintbarth@entre-bievreetrhone.fr",,1
"05/06/2024 09:23:00","Commune",38365,213803653,"Saint-Baudille-de-la-Tour","CC Les Balcons du Dauphiné",1,"OUI",853,"1 PLACE DU SOUVENIR",38118,"SAINT-BAUDILLE-DE-LA-TOUR","04 74 83 86 29","contact@saintbaudilledelatour.fr",,1
"05/06/2024 11:05:37","Commune",38366,213803661,"Saint-Baudille-et-Pipet","CC du Trièves",7,"OUI",267,"1150 ROUTE DE SAINT-PANCRASSE - LE VILLAGE",38710,"SAINT-BAUDILLE-ET-PIPET","04 76 34 64 97","mairiestbaudilleet-pipet@wanadoo.fr",,1
"18/12/2024 16:03:11","Commune",38368,213803687,"Saint-Blaise-du-Buis","CA du Pays Voironnais",5,"OUI",1099,"305 RUE DE LA MAIRIE",38140,"SAINT-BLAISE-DU-BUIS","04 76 65 65 00","m.stblaise@wanadoo.fr",,1
"08/01/2025 10:12:30","Commune",38370,213803703,"Saint-Bonnet-de-Chavagne","CC Saint-Marcellin Vercors Isère Communauté",6,"OUI",674,"50 RUE DU MARQUIS DE LA PORTE",38160,"SAINT-BONNET-DE-CHAVAGNE","04 76 38 50 68","mairie@saint-bonnet-de-chavagne.fr",,1
"05/06/2024 09:22:58","Commune",38372,213803729,"Saint-Bueil","CA du Pays Voironnais",5,"OUI",717,"555 ROUTE DU BOURG",38620,"SAINT-BUEIL","04 76 07 54 07","mairiedestbueil@orange.fr",,1
"18/12/2024 16:03:11","Commune",38373,213803737,"Saint-Cassien","CA du Pays Voironnais",5,"OUI",1200,"9 ROUTE DE CHARTREUSE",38500,"SAINT-CASSIEN","04 76 05 19 86","mairie@saint-cassien.fr",,1
"18/12/2024 16:03:11","Commune",38374,213803745,"Saint-Chef","CC Les Balcons du Dauphiné",1,"OUI",3890,"1 PLACE DE LA MAIRIE",38890,"SAINT-CHEF","04 74 92 42 48","mairie@saint-chef.fr",,1
"18/12/2024 16:03:09","Commune",38375,213803752,"Saint-Christophe-en-Oisans","CC de l'Oisans",8,"OUI",102,"LA VILLE",38520,"SAINT-CHRISTOPHE-EN-OISANS","04 76 79 53 50","mairie@saint-christophe-en-oisans.fr",,1
"18/12/2024 16:03:11","Commune",38376,213803760,"Saint-Christophe-sur-Guiers","CC Coeur de Chartreuse",5,"OUI",844,"8 PLACE DE LA MAIRIE",38380,"SAINT-CHRISTOPHE-SUR-GUIERS","04 76 66 00 42","mairiest-christopheguiers@wanadoo.fr",,1
"18/12/2024 16:03:11","Commune",38377,213803778,"Saint-Clair-de-la-Tour","CC Les Vals du Dauphiné",2,"OUI",3483,"2 PLACE DE LA MAIRIE",38110,"SAINT-CLAIR-DE-LA-TOUR","04 74 97 14 53","mairie@stclairdelatour.com",,1
"08/01/2025 10:12:32","Commune",38378,213803786,"Saint-Clair-du-Rhône","CC Entre Bièvre et Rhône",3,"OUI",3775,"PLACE CHARLES DE GAULLE",38370,"SAINT-CLAIR-DU-RHÔNE","04 74 56 46 15","contact@mairie-stclairdurhone.com",,1
"05/06/2024 09:23:01","Commune",38379,213803794,"Saint-Clair-sur-Galaure","CC Bièvre Isère",4,"OUI",269,"96 ROUTE DE LA VALLÉE",38940,"SAINT-CLAIR-SUR-GALAURE","04 76 36 21 09","mairie.saint.clair.sur.galaure@wanadoo.fr",,1
"18/12/2024 16:03:14","Commune",38380,213803802,"Saint-Didier-de-Bizonnes","CC de Bièvre Est",4,"OUI",323,"44 RUE DE LA MAIRIE",38690,"SAINT-DIDIER-DE-BIZONNES","04 74 92 21 00","mairie.st.didier.bizonnes@wanadoo.fr",,1
"21/03/2024 12:45:13","Commune",38381,213803810,"Saint-Didier-de-la-Tour","CC Les Vals du Dauphiné",2,"OUI",2173,"6 ALLEE DES PLATANES",38110,"SAINT-DIDIER-DE-LA-TOUR","04 74 97 20 31","secretariat@saintdidierdelatour.fr",,1
"08/01/2025 10:12:33","Commune",38383,213803836,"Saint-Étienne-de-Crossey","CA du Pays Voironnais",5,"OUI",2679,"134 RUE DE LA MAIRIE",38960,"SAINT-ÉTIENNE-DE-CROSSEY","04 76 06 00 11","accueil@crossey.org",,1
"05/06/2024 09:23:01","Commune",38384,213803844,"Saint-Étienne-de-Saint-Geoirs","CC Bièvre Isère",4,"OUI",3340,"PLACE ALEXANDRE GAGNEUX",38590,"SAINT-ÉTIENNE-DE-SAINT-GEOIRS","04 76 65 40 35","courrier.mairie@ville-sesg.fr",,1
"18/12/2024 16:03:11","Commune",38386,213803869,"Saint-Geoire-en-Valdaine","CA du Pays Voironnais",5,"OUI",2425,"541 ROUTE DU BOURG",38620,"SAINT-GEOIRE-EN-VALDAINE","04 76 07 51 07","mairie@saintgeoireenvaldaine.fr",,1
"18/12/2024 16:03:14","Commune",38387,213803877,"Saint-Geoirs","CC Bièvre Isère",4,"OUI",507,"10 PLACE ST GEORGES",38590,"SAINT-GEOIRS","04 76 65 47 63","secretariat@mairiestgeoirs.fr",,1
"18/12/2024 16:03:12","Commune",38389,213803893,"Saint-Georges-d'Espéranche","CC COLL'in Communauté",2,"OUI",3553,"PLACE DE L'HÔTEL DE VILLE - BP 5",38790,"SAINT-GEORGES-D'ESPÉRANCHE","04 74 59 01 22","mairie@saintgeorgesdesperanche.fr",,1
"18/12/2024 16:03:14","Commune",38390,213803901,"Saint-Gervais","CC Saint-Marcellin Vercors Isère Communauté",6,"OUI",539,"11 PLACE DU VILLAGE",38470,"SAINT-GERVAIS","04 76 64 77 06","mairie.st-gervais@orange.fr",,1
"10/10/2024 14:49:26","Commune",38391,213803919,"Saint-Guillaume","CC du Trièves",7,"OUI",246,"94 CHEMIN DE LA FORGE",38650,"SAINT-GUILLAUME","04 76 34 00 73","mairie@saintguillaume.fr",,1
"05/06/2024 09:23:00","Commune",38392,213803927,"Saint-Hilaire-de-Brens","CC Les Balcons du Dauphiné",1,"OUI",618,"90 RUE DE LA MAIRIE",38460,"SAINT-HILAIRE-DE-BRENS","04 74 92 81 04","mairie@sainthilairedebrens.com",,1
"08/01/2025 10:12:33","Commune",38393,213803935,"Saint-Hilaire-de-la-Côte","CC Bièvre Isère",4,"OUI",1628,"1190 ROUTE DES ALPES",38260,"SAINT-HILAIRE-DE-LA-CÔTE","04 74 54 63 80","mairieshc@orange.fr",,1
"08/01/2025 10:12:31","Commune",38394,213803943,"Saint-Hilaire-du-Rosier","CC Saint-Marcellin Vercors Isère Communauté",6,"OUI",1897,"10 PLACE DU SOUVENIR FRANÇAIS",38840,"SAINT-HILAIRE-DU-ROSIER","04 76 64 50 09","sthilairedurosier.mairie@wanadoo.fr",,1
"18/12/2024 16:03:09","Commune",38396,213803968,"Saint-Honoré","CC de la Matheysine",7,"OUI",834,"FUGIERES - 6 RUE DES DOUVES",38350,"SAINT-HONORÉ","04 76 81 08 36","mairie.saint.honore@Wanadoo.fr",,1
"05/06/2024 09:30:58","Commune",38397,213803976,"Saint-Ismier","CC Le Grésivaudan",9,"OUI",7365,"LE CLOS FAURE",38330,"SAINT-ISMIER","04 76 52 52 25","secretariat-elus@saint-ismier.fr",,1
"18/12/2024 16:03:11","Commune",38398,213803984,"Saint-Jean-d'Avelanne","CC Les Vals du Dauphiné",2,"OUI",997,"ROUTE DE VELANNE",38480,"SAINT-JEAN-D'AVELANNE","04 76 37 20 77","mairie-secretariat@saintjeandavelanne.fr",,1
"08/01/2025 10:12:31","Commune",38403,213804032,"Saint-Jean-d'Hérans","CC du Trièves",7,"OUI",305,"1 PLACE DE LA MAIRIE - LE VILLAGE",38710,"SAINT-JEAN-D'HÉRANS","04 76 34 98 35","st.jean.dherans@orange.fr",,1
"18/12/2024 16:03:10","Commune",38399,213803992,"Saint-Jean-de-Bournay","CC Bièvre Isère",4,"OUI",4794,"MONTÉE DE L'HÔTEL DE VILLE",38440,"SAINT-JEAN-DE-BOURNAY","04 74 58 70 40","mairie@saintjeandebournay.fr",,1
"08/01/2025 10:12:32","Commune",38400,213804008,"Saint-Jean-de-Moirans","CA du Pays Voironnais",5,"OUI",3654,"2 PLACE DU CHAMPS DE MARS",38430,"SAINT-JEAN-DE-MOIRANS","'0 47 63 53 25","mairie@stjeandemoirans.fr",,1
"08/01/2025 10:12:31","Commune",38401,213804016,"Saint-Jean-de-Soudain","CC Les Vals du Dauphiné",2,"OUI",1695,"1 PLACE DES ANCIENS COMBATTANTS",38110,"SAINT-JEAN-DE-SOUDAIN","04 74 97 11 57","accueil@saintjeandesoudain.fr",,1
"08/01/2025 10:12:31","Commune",38402,213804024,"Saint-Jean-de-Vaulx","CC de la Matheysine",7,"OUI",549,"40 RUE DE LA MAIRIE",38220,"SAINT-JEAN-DE-VAULX","04 76 73 11 97","mairie.stjeandevaulx@orange.fr",,1
"18/12/2024 16:03:12","Commune",38404,213804040,"Saint-Jean-le-Vieux","CC Le Grésivaudan",9,"OUI",293,"800 ROUTE DE LA MAIRIE",38420,"SAINT JEAN LE VIEUX","04 76 77 11 35","mairie@saintjeanlevieux.fr",,1
"08/01/2025 10:12:32","Commune",38405,213804057,"Saint-Joseph-de-Rivière","CC Coeur de Chartreuse",5,"OUI",1275,"2 PLACE DE LA MAIRIE",38134,"SAINT-JOSEPH-DE-RIVIÈRE","04 76 55 21 69","accueil.mairiestjo@orange.fr",,1
"18/12/2024 16:03:10","Commune",38406,213804065,"Saint-Julien-de-l'Herms","CC Entre Bièvre et Rhône",3,"OUI",162,"1 PLACE DE LA MAIRIE",38122,"SAINT-JULIEN-DE-L'HERMS","04 74 59 24 21","mairie.saint-julien@entre-bievreetrhone.fr",,1
"18/12/2024 16:03:12","Commune",38408,213804081,"Saint-Just-Chaleyssin","CC COLL'in Communauté",2,"OUI",2738,"220 PLACE FERNAND REY",38540,"SAINT-JUST-CHALEYSSIN","04 78 96 10 06","mcp.contact@stjustchaleyssin.com",,1
"08/01/2025 10:12:33","Commune",38409,213804099,"Saint-Just-de-Claix","CC Saint-Marcellin Vercors Isère Communauté",6,"OUI",1403,"22 PLACE DE L'ÉGLISE",38680,"SAINT-JUST-DE-CLAIX","04 75 48 43 67","mairie@saint-just-de-claix.fr",,1
"08/01/2025 10:12:30","Commune",38410,213804107,"Saint-Lattier","CC Saint-Marcellin Vercors Isère Communauté",6,"OUI",1466,"5 PLACE DU SOUVENIR FRANÇAIS",38840,"SAINT-LATTIER","04 76 64 52 08","mairie.st.lattier@orange.fr",,1
"18/12/2024 16:03:11","Commune",38412,213804123,"Saint-Laurent-du-Pont","CC Coeur de Chartreuse",5,"OUI",4591,"1 RUE PASTEUR - BP 12",38380,"SAINT-LAURENT-DU-PONT","04 76 06 20 00","accueil@saintlaurentdupont.fr",,1
"08/01/2025 10:12:30","Commune",38413,213804131,"Saint-Laurent-en-Beaumont","CC de la Matheysine",7,"OUI",433,"1230 ROUTE DU SOULIER",38350,"SAINT-LAURENT-EN-BEAUMONT","04 76 30 43 65","mairie.st-laurent-beaumont@orange.fr",,1
"08/01/2025 10:12:32","Commune",38415,213804156,"Saint-Marcel-Bel-Accueil","CC Les Balcons du Dauphiné",1,"OUI",1495,"69 MONTÉE PERRIÈRES",38080,"SAINT-MARCEL-BEL-ACCUEIL","04 74 27 24 08","mairie@saintmarcelbelaccueil.fr",,1
"05/06/2024 09:30:58","Commune",38422,213804222,"Saint-Martin-d'Uriage","CC Le Grésivaudan",9,"OUI",5661,"2 PLACE DE LA MAIRIE",38410,"SAINT-MARTIN-D'URIAGE","04 76 59 77 10","secretariat.technique@mairie-smu.fr",,1
"05/06/2024 11:05:38","Commune",38419,213804198,"Saint-Martin-de-Clelles","CC du Trièves",7,"OUI",187,"1 ROUTE DU VAL D'ORBANNE",38930,"SAINT-MARTIN-DE-CLELLES","04 76 34 43 86","st-martin-clelles2@orange.fr",,1
"30/07/2024 13:38:51","Commune",38115,213801152,"Saint-Martin-de-la-Cluze","CC du Trièves",7,"OUI",767,"PLACE ÉMILE GILIOLI",38650,"SAINT-MARTIN-DE-LA-CLUZE","04 76 72 52 91","mairie@saintmartindelacluze.fr",,1
"18/12/2024 16:03:11","Commune",38420,213804206,"Saint-Martin-de-Vaulserre","CC Les Vals du Dauphiné",2,"OUI",249,"125 ROUTE DE LA CHARRIÈRE",38480,"SAINT-MARTIN-DE-VAULSERRE","04 76 37 34 87","mairie.stmartin@wanadoo.fr",,1
"18/12/2024 16:03:09","Commune",38424,213804248,"Saint-Maurice-en-Trièves","CC du Trièves",7,"OUI",183,"2 PLACE MAURITIUS",38930,"SAINT-MAURICE-EN-TRIÈVES","04 76 34 72 28","mairie.saint-maurice@wanadoo.fr",,1
"18/12/2024 16:03:13","Commune",38425,213804255,"Saint-Maurice-l'Exil","CC Entre Bièvre et Rhône",3,"OUI",6636,"33 RUE DE LA COMMUNE 1871 - BP 10444",38550,"SAINT-MAURICE-L'EXIL","04 74 86 23 61","mairie@ville-st-maurice-exil.fr",,1
"05/06/2024 09:30:58","Commune",38426,213804263,"Saint-Maximin","CC Le Grésivaudan",9,"OUI",669,"19 PLACE ROGER DURIEUX - RÉPIDON - BP 22",38530,"SAINT-MAXIMIN","04 76 97 60 19","mairie@stmaximin38.fr",,1
"18/12/2024 16:03:14","Commune",38427,213804271,"Saint-Michel-de-Saint-Geoirs","CC Bièvre Isère",4,"OUI",297,"1550 ROUTE DE LA FORTERESSE",38590,"SAINT-MICHEL-DE-SAINT-GEOIRS","04 76 65 48 83","secretariat@mairiesmsg.fr",,1
"08/01/2025 10:12:30","Commune",38428,213804289,"Saint-Michel-en-Beaumont","CC de la Matheysine",7,"OUI",31,"52 CHEMIN DE LA MAIRIE",38350,"SAINT-MICHEL-EN-BEAUMONT","04 76 30 41 28","mairie@saint-michel-en-beaumont.fr",,1
"05/06/2024 11:05:38","Commune",38429,213804297,"Saint-Michel-les-Portes","CC du Trièves",7,"OUI",293,"1 PLACE DE LA MAIRIE - LE VILLAGE",38650,"SAINT-MICHEL-LES-PORTES","04 76 34 01 58","mairie@saint-michel-les-portes.fr",,1
"05/06/2024 09:30:58","Commune",38430,213804305,"Saint-Mury-Monteymond","CC Le Grésivaudan",9,"OUI",336,"LA PALUD - 49 IMPASSE DE LA MAIRIE",38190,"SAINT-MURY-MONTEYMOND","04 76 71 43 92","mairiestmury-monteymond@wanadoo.fr",,1
"05/06/2024 09:30:58","Commune",38431,213804313,"Saint-Nazaire-les-Eymes","CC Le Grésivaudan",9,"OUI",3081,"385 CHEMIN DU VILLAGE",38330,"SAINT-NAZAIRE-LES-EYMES","04 76 52 24 29","secretariat@mairie-sne.fr",,1
"18/12/2024 16:03:11","Commune",38432,213804321,"Saint-Nicolas-de-Macherin","CA du Pays Voironnais",5,"OUI",978,"180 ROUTE DE CHIRENS",38500,"SAINT-NICOLAS-DE-MACHERIN","04 76 06 01 54","mairie.stnicolasdemacherin@wanadoo.fr",,1
"05/06/2024 11:05:38","Commune",38433,213804339,"Saint-Nizier-du-Moucherotte","CC du Massif du Vercors",6,"OUI",1135,"190 ROUTE DES 4 MONTAGNES",38250,"SAINT-NIZIER-DU-MOUCHEROTTE","04 76 53 42 20","mairie.stnizier@vercors.org",,1
"05/06/2024 10:04:18","Commune",38434,213804347,"Saint-Ondras","CC Les Vals du Dauphiné",2,"OUI",664,"937 ROUTE DU CENTRE",38490,"SAINT-ONDRAS","04 76 32 06 19","mairie.saint-ondras@orange.fr",,1
"18/12/2024 16:03:14","Commune",38437,213804370,"Saint-Paul-d'Izeaux","CC Bièvre Isère",4,"OUI",305,"75 LE VILLAGE",38140,"SAINT-PAUL-D'IZEAUX","04 76 93 81 91","commune.stpauldizeaux@wanadoo.fr",,1
"08/01/2025 10:12:31","Commune",38438,213804388,"Saint-Paul-lès-Monestier","CC du Trièves",7,"OUI",280,"LE VILLAGE",38650,"SAINT-PAUL-LÈS-MONESTIER","04 76 34 03 13","splm38@orange.fr",,1
"08/01/2025 10:12:32","Commune",38446,213804461,"Saint-Pierre-d'Entremont","CC Coeur de Chartreuse",5,"OUI",583,"28 PLACE DE LA MAIRIE",38380,"SAINT-PIERRE-D'ENTREMONT","04 79 65 80 53","mairie.stpierredentremont38@wanadoo.fr",,1
"18/12/2024 16:03:14","Commune",38440,213804404,"Saint-Pierre-de-Bressieux","CC Bièvre Isère",4,"OUI",786,"25 ROUTE DU VILLAGE",38870,"SAINT-PIERRE-DE-BRESSIEUX","04 74 20 06 02","accueil@mairie-spb38.com",,1
"18/12/2024 16:03:12","Commune",38442,213804420,"Saint-Pierre-de-Chartreuse","CC Coeur de Chartreuse",5,"OUI",965,"8 PLACE DE LA MAIRIE",38380,"SAINT-PIERRE-DE-CHARTREUSE","04 76 88 60 18","accueil@saintpierredechartreuse.fr",,1
"05/06/2024 11:05:38","Commune",38443,213804438,"Saint-Pierre-de-Chérennes","CC Saint-Marcellin Vercors Isère Communauté",6,"OUI",482,"45 RUE DE LA BASCULE",38160,"SAINT-PIERRE-DE-CHERENNES","04 76 38 50 73","st.pierre.de.cherennes@wanadoo.fr",,1
"08/01/2025 10:12:30","Commune",38444,213804446,"Saint-Pierre-de-Méaroz","CC de la Matheysine",7,"OUI",114,"1027 ROUTE DE L'OBIOU",38350,"SAINT-PIERRE DE MÉAROTZ","04 76 30 41 66","mairie.st-pierre-de-mearotz@wanadoo.fr",,1
"18/12/2024 16:03:13","Commune",38448,213804487,"Saint-Prim","CC Entre Bièvre et Rhône",3,"OUI",1436,"153 RUE DU VILLAGE",38370,"SAINT-PRIM","04 74 56 42 70","mairiedesaintprim@wanadoo.fr",,1
"05/06/2024 09:23:00","Commune",38449,213804495,"Saint-Quentin-Fallavier","CA Porte de l'Isère (C.A.P.I)",2,"OUI",6175,"1 RUE DE L'HÔTEL DE VILLE",38070,"SAINT-QUENTIN-FALLAVIER","04 74 94 88 00","secretariat@sqf38.fr",,1
"05/06/2024 11:05:38","Commune",38450,213804503,"Saint-Quentin-sur-Isère","CC Saint-Marcellin Vercors Isère Communauté",6,"OUI",1501,"481 RUE DU VERCORS",38210,"SAINT-QUENTIN-SUR-ISÈRE","04 76 93 60 08","mairie@saint-quentin-sur-isere.fr",,1
"05/06/2024 09:23:00","Commune",38451,213804511,"Saint-Romain-de-Jalionas","CC Les Balcons du Dauphiné",1,"OUI",3436,"560 RUE DU STADE",38460,"SAINT-ROMAIN-DE-JALIONAS","04 74 90 76 01","contact@mairiestromaindejalionas.fr",,1
"08/01/2025 10:12:33","Commune",38452,213804529,"Saint-Romain-de-Surieu","CC Entre Bièvre et Rhône",3,"OUI",437,"33 ROUTE DE LA CHAPELLE",38150,"SAINT-ROMAIN-DE-SURIEU","04 74 84 42 60","mairie.saintromain@entre-bievreetrhone.fr",,1
"18/12/2024 16:03:14","Commune",38453,213804537,"Saint-Romans","CC Saint-Marcellin Vercors Isère Communauté",6,"OUI",1841,"292 GRANDE RUE",38160,"SAINT-ROMANS","04 76 38 46 17","mairie@saint-romans.fr",,1
"08/01/2025 10:12:34","Commune",38454,213804545,"Saint-Sauveur","CC Saint-Marcellin Vercors Isère Communauté",6,"OUI",2162,"5 BIS RUE DES GÉRANIUMS",38160,"SAINT-SAUVEUR","04 76 38 11 41","mairie@stsauveur38.fr",,1
"05/06/2024 09:23:00","Commune",38455,213804552,"Saint-Savin","CA Porte de l'Isère (C.A.P.I)",2,"OUI",4359,"LE VILLAGE",38300,"SAINT-SAVIN","04 74 28 92 40","mairie@saintsavin-isere.fr",,1
"18/12/2024 16:03:14","Commune",38457,213804578,"Saint-Siméon-de-Bressieux","CC Bièvre Isère",4,"OUI",3106,"409 GRANDE RUE",38870,"SAINT-SIMÉON-DE-BRESSIEUX","04 74 20 00 22","accueil.ssb38@gmail.com",,1
"08/01/2025 10:12:31","Commune",38458,213804586,"Saint-Sorlin-de-Morestel","CC Les Balcons du Dauphiné",1,"OUI",619,"PLACE DU 8 MAI 1945",38510,"SAINT-SORLIN-DE-MORESTEL","04 74 80 12 31","secretariatssm@gmail.com",,1
"08/01/2025 10:12:32","Commune",38459,213804594,"Saint-Sorlin-de-Vienne","CA Vienne Condrieu",3,"OUI",977,"90 MONTÉE DE L'ÉGLISE",38200,"SAINT-SORLIN-DE-VIENNE","04 74 57 80 15","mairie@stsorlindevienne.fr",,1
"18/12/2024 16:03:12","Commune",38460,213804602,"Saint-Sulpice-des-Rivoires","CA du Pays Voironnais",5,"OUI",441,"84 RUE DES ÉCOLIERS",38620,"SAINT-SULPICE-DES-RIVOIRES","04 76 07 52 50","mairie.saintsulpicedesrivoires@paysvoironnais.com",,1
"18/12/2024 16:03:09","Commune",38462,213804628,"Saint-Théoffrey","CC de la Matheysine",7,"OUI",599,"PETICHET - ROUTE NATIOLNALE 85",38119,"SAINT-THÉOFFREY","04 76 83 90 79","mairie.sainttheoffrey@orange.fr",,1
"05/06/2024 11:05:39","Commune",38463,213804636,"Saint-Vérand","CC Saint-Marcellin Vercors Isère Communauté",6,"OUI",1778,"412 LE VILLAGE",38160,"SAINT-VÉRAND","04 76 38 11 05","mairie@saint-verand-38.fr",,1
"18/12/2024 16:03:14","Commune",38464,213804644,"Saint-Victor-de-Cessieu","CC Les Vals du Dauphiné",2,"OUI",2238,"62 PLACE DE L'ÉGLISE",38110,"SAINT-VICTOR-DE-CESSIEU","04 74 33 40 80","mairie@saintvictordecessieu.fr",,1
"08/01/2025 10:12:30","Commune",38465,213804651,"Saint-Victor-de-Morestel","CC Les Balcons du Dauphiné",1,"OUI",1135,"17 PLACE DE LA MAIRIE",38510,"SAINT-VICTOR-DE-MORESTEL","04 74 80 12 46","mairie.saintvictordemorestel@gmail.com",,1
"18/12/2024 16:03:12","Commune",38350,213803505,"Sainte-Agnès","CC Le Grésivaudan",9,"OUI",576,"LA VILLE - 294 CHEMIN DE LA MAIRIE",38190,"SAINTE-AGNÈS","04 76 71 48 85","mairie@sainte-agnes.fr",,1
"08/01/2025 10:12:34","Commune",38358,213803588,"Sainte-Anne-sur-Gervonde","CC Bièvre Isère",4,"OUI",758,"1 PLACE DE LA LIBERTÉ",38440,"SAINTE-ANNE-SUR-GERVONDE","04 74 58 36 33","mairie@steannemairie.fr",,1
"21/03/2024 12:45:11","Commune",38369,213803695,"Sainte-Blandine","CC Les Vals du Dauphiné",2,"OUI",1026,"4 ROUTE DU CLAVEL",38110,"SAINTE-BLANDINE","04 74 97 25 38","mairie@sainteblandine.fr",,1
"08/01/2025 10:12:29","Commune",38414,213804149,"Sainte-Luce","CC de la Matheysine",7,"OUI",43,"325 ROUTE DES FONTANIOUS",38970,"SAINTE-LUCE","04 76 30 02 83","contact@mairie-sainteluce.fr",,1
"18/12/2024 16:03:12","Commune",38417,213804172,"Sainte-Marie-d'Alloix","CC Le Grésivaudan",9,"OUI",495,"PLACE DE LA MAIRIE",38660,"SAINTE-MARIE-D-ALLOIX","04 76 08 44 13","mairie@saintemariedalloix.fr",,1
"05/06/2024 09:30:58","Commune",38418,213804180,"Sainte-Marie-du-Mont","CC Le Grésivaudan",9,"OUI",237,"430 ROUTE DES PRES",38660,"SAINTE-MARIE-DU-MONT","04 76 08 55 59","contact@sainte-marie-du-mont.fr",,1
"05/06/2024 09:23:00","Commune",38467,213804677,"Salagnon","CC Les Balcons du Dauphiné",1,"OUI",1497,"60 PLACE DU SOUVENIR",38890,"SALAGNON","04 74 92 40 51","mairiesalagnon@wanadoo.fr",,1
"18/12/2024 16:03:13","Commune",38468,213804685,"Salaise-sur-Sanne","CC Entre Bièvre et Rhône",3,"OUI",4577,"19 RUE AVIT NICOLAS",38150,"SALAISE-SUR-SANNE","04 74 29 00 80","secretariat@mairie-salaise-sur-sanne.fr",,1
"18/12/2024 16:03:09","Commune",38469,213804693,"Salette-Fallavaux (La)","CC de la Matheysine",7,"OUI",77,"31 ROUTE DU PÊCHIER - HAMEAU DE L'ÉGLISE",38970,"LA SALETTE-FALLAVAUX","04 76 30 01 72","mairie-lasalette@wanadoo.fr",,1
"08/01/2025 10:12:30","Commune",38470,213804701,"Salle-en-Beaumont (La)","CC de la Matheysine",7,"OUI",354,"1671 ROUTE NAPOLEON - LE BOURG",38350,"LA SALLE-EN-BEAUMONT","04 76 30 40 39","mairielasalleenbeaumont@orange.fr",,1
"05/06/2024 09:23:01","Commune",38473,213804735,"Sardieu","CC Bièvre Isère",4,"OUI",1195,"131 CHEMIN NEUF",38260,"SARDIEU","04 74 20 24 69","mairie.sardieu@wanadoo.fr",,1
"14/01/2025 09:07:24","Commune",38475,213804750,"Satolas-et-Bonce","CA Porte de l'Isère (C.A.P.I)",2,"OUI",2553,"159 ALLÉE DU CHÂTEAU",38290,"SATOLAS-ET-BONCE","04 74 90 22 97","mairie@satolasetbonce.fr",,1
"18/12/2024 16:03:10","Commune",38476,213804768,"Savas-Mépin","CC Bièvre Isère",4,"OUI",898,"571 ROUTE DU VILLAGE",38440,"SAVAS-MÉPIN","04 74 58 54 12","mairie-de-savas-mepin@orange.fr",,1
"18/12/2024 16:03:13","Commune",38480,213804800,"Septème","CA Vienne Condrieu",3,"OUI",2185,"330 PLACE CÉCILLON DU PERRIER",38780,"SEPTEME","04 74 58 26 58","mairie.septeme@wanadoo.fr",,1
"05/06/2024 09:23:00","Commune",38481,213804818,"Sérézin-de-la-Tour","CA Porte de l'Isère (C.A.P.I)",2,"OUI",1167,"50 ROUTE DE NIVOLAS",38300,"SÉRÉZIN-DE-LA-TOUR","04 74 27 91 09","mairie.serezindelatour@orange.fr",,1
"05/06/2024 09:23:00","Commune",38483,213804834,"Sermérieu","CC Les Balcons du Dauphiné",1,"OUI",1694,"60 PLACE DE LA MAIRIE",38510,"SERMÉRIEU","04 74 80 16 79","accueil@sermerieu.fr",,1
"18/12/2024 16:03:13","Commune",38484,213804842,"Serpaize","CA Vienne Condrieu",3,"OUI",2140,"115 PLACE DU 19 MARS 1962",38200,"SERPAIZE","04 74 57 98 17","secretariat@mairie-serpaize.fr",,1
"18/12/2024 16:03:14","Commune",38275,213802754,"Serre-Nerpol","CC Saint-Marcellin Vercors Isère Communauté",6,"OUI",352,"233 ROUTE DE VINAY",38470,"SERRE-NERPOL","04 76 64 26 56","mairie@serrenerpol.fr",,1
"18/12/2024 16:03:13","Commune",38487,213804875,"Seyssuel","CA Vienne Condrieu",3,"OUI",2131,"PLACE DE LA MAIRIE",38200,"SEYSSUEL","04 74 85 15 24","secretariat@seyssuel.fr",,1
"18/12/2024 16:03:14","Commune",38488,213804883,"Siccieu-Saint-Julien-et-Carisieu","CC Les Balcons du Dauphiné",1,"OUI",608,"1 PLACE DE LA MAIRIE",38460,"SICCIEU SAINT-JULIEN ET CARISIEU","04 74 83 81 09","mairiessjc@gmail.com",,1
"18/12/2024 16:03:09","Commune",38489,213804891,"Siévoz","CC de la Matheysine",7,"OUI",134,"128 RUE DE LA FAYOLLE",38350,"SIEVOZ","04 76 30 98 10","mairie-de-sievoz@alsatis.net",,1
"18/12/2024 16:03:14","Commune",38490,213804909,"Sillans","CC Bièvre Isère",4,"OUI",1972,"384 RUE DE LA RÉPUBLIQUE",38590,"SILLANS","04 76 93 81 26","service-administratif@mairie-sillans.com",,1
"05/06/2024 11:05:39","Commune",38492,213804925,"Sinard","CC du Trièves",7,"OUI",737,"51 PLACE DE LA MAIRIE",38650,"SINARD","04 76 34 07 19","contact@sinard.fr",,1
"18/12/2024 16:03:14","Commune",38494,213804941,"Soleymieu","CC Les Balcons du Dauphiné",1,"OUI",821,"23 ROUTE DE COURTENAY",38460,"SOLEYMIEU","04 74 92 81 13","mairie@soleymieu.fr",,1
"08/01/2025 10:12:31","Commune",38495,213804958,"Sône (La)","CC Saint-Marcellin Vercors Isère Communauté",6,"OUI",597,"8 RUE DE L'ANCIEN PONT",38840,"LA SÔNE","04 76 64 41 15","mairie.la.sone@wanadoo.fr",,1
"18/12/2024 16:03:13","Commune",38496,213804966,"Sonnay","CC Entre Bièvre et Rhône",3,"OUI",1299,"30 PLACE DE L'ÉGLISE",38150,"SONNAY","04 74 84 05 72","mairie-sonnay@wanadoo.fr",,1
"18/12/2024 16:03:09","Commune",38497,213804974,"Sousville","CC de la Matheysine",7,"OUI",145,"LE PIVOL - 26 CHEMIN DU TAPAS",38350,"SOUSVILLE","04 76 81 35 83","mairie.sousville@wanadoo.fr",,1
"05/06/2024 09:23:00","Commune",38498,213804982,"Succieu","CA Porte de l'Isère (C.A.P.I)",2,"OUI",773,"10 LE VILLAGE",38300,"SUCCIEU","04 74 92 00 42","mairie@succieu.fr",,1
"08/01/2025 10:12:32","Commune",38407,200064459,"Sure en Chartreuse (La)","CA du Pays Voironnais",5,"OUI",1087,"SAINT JULIEN DE RATZ - 1 PLACE DES CHARMINELLES",38134,"LA SURE EN CHARTREUSE","04 76 56 31 20","mairie@lasurenchartreuse.fr",,1
"18/12/2024 16:03:09","Commune",38499,213804990,"Susville","CC de la Matheysine",7,"OUI",1179,"18 IMPASSE DU STADE",38350,"SUSVILLE","04 76 81 05 12","accueil@susville.fr",,1
"08/01/2025 10:12:32","Commune",38500,213805005,"Têche","CC Saint-Marcellin Vercors Isère Communauté",6,"OUI",602,"575 RUE DU BOURG",38470,"TÊCHE","04 76 36 74 26","mairie.teche@wanadoo.fr",,1
"05/06/2024 09:30:58","Commune",38501,213805013,"Tencin","CC Le Grésivaudan",9,"OUI",2164,"59 ROUTE DU LAC",38570,"TENCIN","04 76 71 36 14","mairie-de-tencin@tencin.fr",,1
"05/06/2024 09:30:58","Commune",38503,213805039,"Terrasse (La)","CC Le Grésivaudan",9,"OUI",2604,"102 PLACE DE LA MAIRIE",38660,"LA TERRASSE","04 76 08 20 14","bienvenue@mairie-laterrasse.fr",,1
"05/06/2024 09:30:58","Commune",38504,213805047,"Theys","CC Le Grésivaudan",9,"OUI",2099,"1 PLACE DE L'ÉGLISE",38570,"THEYS","04 76 71 05 47","accueil@theys.fr",,1
"05/06/2024 10:04:18","Commune",38505,213805054,"Thodure","CC Bièvre Isère",4,"OUI",805,"163 ROUTE DE BEAUREPAIRE",38260,"THODURE","04 74 54 05 56","mairie.thodure@wanadoo.fr",,1
"18/12/2024 16:03:11","Commune",38507,213805070,"Tignieu-Jameyzieu","CC Les Balcons du Dauphiné",1,"OUI",7938,"PLACE DE LA MAIRIE - BP 1",38230,"TIGNIEU-JAMEYZIEU","04 78 32 23 59","mairie@tignieu-jameyzieu.fr",,1
"18/12/2024 16:03:11","Commune",38508,213805088,"Torchefelon","CC Les Vals du Dauphiné",2,"OUI",846,"21 ROUTE DU VILLAGE",38690,"TORCHEFELON","04 74 92 26 05","secretariat@torchefelon.fr",,1
"05/06/2024 10:04:18","Commune",38509,213805096,"Tour-du-Pin (La)","CC Les Vals du Dauphiné",2,"OUI",8341,"6 RUE DE L'HÔTEL DE VILLE",38110,"LA TOUR-DU-PIN","04 74 83 24 44","mairie@latourdupin.fr",,1
"08/01/2025 10:12:33","Commune",38512,213805120,"Tramolé","CC Bièvre Isère",4,"OUI",814,"25 MONTEE CROIX CHEVALIER",38300,"TRAMOLÉ","04 74 92 00 07","secretariat@mairie-tramole.fr",,1
"05/06/2024 11:05:39","Commune",38513,213805138,"Treffort","CC du Trièves",7,"OUI",282,"484 RUE PRINCIPALE",38650,"TREFFORT","04 76 34 05 68","mairie.treffort38@wanadoo.fr",,1
"05/06/2024 11:05:39","Commune",38514,213805146,"Tréminis","CC du Trièves",7,"OUI",198,"L'ÉGLISE",38710,"TRÉMINIS","04 76 34 73 39","mairietreminis@orange.fr",,1
"18/12/2024 16:03:14","Commune",38515,213805153,"Trept","CC Les Balcons du Dauphiné",1,"OUI",2179,"1 PLACE DE LA MAIRIE",38460,"TREPT","04 74 92 83 87","mairie@trept.fr",,1
"18/12/2024 16:03:14","Commune",38517,213805179,"Tullins","CA du Pays Voironnais",5,"OUI",7832,"CLOS DES CHARTREUX CS 20058",38347,"TULLINS CEDEX","04 76 07 00 05","contact@ville-tullins.fr",,1
"08/01/2025 10:12:32","Commune",38560,200083491,"Val-de-Virieu","CC Les Vals du Dauphiné",2,"OUI",1562,"2 RUE DE BARBENIÈRE",38730,"VAL-DE-VIRIEU","04 74 88 21 42","secretariat@valdevirieu.fr",,1
"18/12/2024 16:03:09","Commune",38518,213805187,"Valbonnais","CC de la Matheysine",7,"OUI",526,"740 RUE PRINCIPALE",38740,"VALBONNAIS","04 76 30 21 19","communedevalbonnais@wanadoo.fr",,1
"18/12/2024 16:03:12","Commune",38519,213805195,"Valencin","CC COLL'in Communauté",2,"OUI",2942,"2186 PLACE ELIE VIDAL",38540,"VALENCIN","04 78 96 13 06","contact@mairie-valencin.fr",,1
"18/12/2024 16:03:11","Commune",38520,213805203,"Valencogne","CC Les Vals du Dauphiné",2,"OUI",697,"PLACE DE LA MAIRIE",38730,"VALENCOGNE","04 74 88 25 92","mairie@valencogne.fr",,1
"08/01/2025 10:12:32","Commune",38521,213805211,"Valette (La)","CC de la Matheysine",7,"OUI",64,"170 ROUTE DES GIRAUDS",38350,"LA VALETTE","04 76 81 21 32","mairie-la-valette@orange.fr",,1
"18/12/2024 16:03:09","Commune",38522,213805229,"Valjouffrey","CC de la Matheysine",7,"OUI",157,"LA CHALP - 331 ROUTE DE PRES CLOS",38740,"VALJOUFFREY","04 76 30 22 28","mairie-de-valjouffrey@orange.fr",,1
"18/12/2024 16:03:14","Commune",38523,213805237,"Varacieux","CC Saint-Marcellin Vercors Isère Communauté",6,"OUI",865,"PLACE DU 19 MARS 1962",38470,"VARACIEUX","04 76 64 22 29","varacieux@mairie-varacieux.fr",,1
"18/12/2024 16:03:14","Commune",38525,213805252,"Vasselin","CC Les Balcons du Dauphiné",1,"OUI",470,"306 RUE DE LA FORGE",38890,"VASSELIN","04 74 80 12 81","mairie@vasselin.fr",,1
"18/12/2024 16:03:14","Commune",38526,213805260,"Vatilieu","CC Saint-Marcellin Vercors Isère Communauté",6,"OUI",372,"LE VILLAGE",38470,"VATILIEU","04 76 07 09 02","vatilieu.mairie@orange.fr",,1
"24/05/2024 10:23:09","Commune",38527,213805278,"Vaujany","CC de l'Oisans",8,"OUI",350,"11 ROUTE DE LA COUR BASSE",38114,"VAUJANY","04 76 80 70 95","accueil@vaujany.fr",,1
"05/06/2024 09:23:00","Commune",38530,213805302,"Vaulx-Milieu","CA Porte de l'Isère (C.A.P.I)",2,"OUI",2554,"7 PLACE DE L'ÉGLISE",38090,"VAULX-MILIEU","04 74 94 27 64","mairie.vaulx-milieu@wanadoo.fr",,1
"18/12/2024 16:03:12","Commune",38531,213805310,"Velanne","CA du Pays Voironnais",5,"OUI",571,"13 PLACE DE LA MAIRIE",38620,"VELANNE","04 76 07 61 15","mairie@velanne.fr",,1
"18/12/2024 16:03:11","Commune",38532,213805328,"Vénérieu","CC Les Balcons du Dauphiné",1,"OUI",995,"146 MONTÉE DE MOILLAN",38460,"VÉNÉRIEU","04 74 92 83 76","mairie.venerieu@orange.fr",,1
"18/12/2024 16:03:14","Commune",38535,213805351,"Vernas","CC Les Balcons du Dauphiné",1,"OUI",269,"124 RUE GRANDE",38460,"VERNAS","04 74 95 11 65","mairiedeverna@orange.fr",,1
"08/01/2025 10:12:33","Commune",38536,213805369,"Vernioz","CC Entre Bièvre et Rhône",3,"OUI",1496,"23 MONTEE DE LA MAIRIE",38150,"VERNIOZ","04 74 84 42 43","mairie.vernioz@entre-bievreetrhone.fr",,1
"05/06/2024 09:23:00","Commune",38537,213805377,"Verpillière (La)","CA Porte de l'Isère (C.A.P.I)",2,"OUI",7593,"PLACE DU DOCTEUR OGIER",38290,"LA VERPILLIÈRE","04 74 94 00 03","accueil@laverpilliere.fr",,1
"18/12/2024 16:03:12","Commune",38538,213805385,"Versoud (Le)","CC Le Grésivaudan",9,"OUI",5040,"309 RUE DES DEYMES",38420,"LE VERSOUD","04 76 77 12 64","mairie@ville-leversoud.fr",,1
"18/12/2024 16:03:14","Commune",38539,213805393,"Vertrieu","CC Les Balcons du Dauphiné",1,"OUI",622,"1 PLACE DE LA MAIRIE",38390,"VERTRIEU","04 74 90 61 68","vertrieu.secretariat@orange.fr",,1
"18/12/2024 16:03:14","Commune",38542,213805427,"Veyssilieu","CC Les Balcons du Dauphiné",1,"OUI",341,"1 PLACE DU VILLAGE",38460,"VEYSSILIEU","04 74 90 25 29","mairie.veyssilieu@wanadoo.fr",,1
"08/01/2025 10:12:32","Commune",38543,213805435,"Vézeronce-Curtin","CC Les Balcons du Dauphiné",1,"OUI",2235,"25 PLACE DE LA MAIRIE",38510,"VÉZÉRONCE-CURTIN","04 74 80 12 27","mairie-vezeronce-curtin@wanadoo.fr",,1
"05/06/2024 10:04:19","Commune",38544,213805443,"Vienne","CA Vienne Condrieu",3,"OUI",31422,"17 PLACE DE L'HOTEL DE VILLE - BP 126",38209,"VIENNE CEDEX","04 74 78 30 00","accueil@mairie-vienne.fr",,1
"18/12/2024 16:03:11","Commune",38546,213805468,"Vignieu","CC Les Balcons du Dauphiné",1,"OUI",973,"1 PLACE DE LA PAIX",38890,"VIGNIEU","04 74 92 56 96","mairie@vignieu.fr",,1
"05/06/2024 09:22:59","Commune",38292,200063972,"Villages du Lac de Paladru","CA du Pays Voironnais",5,"OUI",2645,"PALADRU - 306 RUE DE LA MORGERIE",38850,"VILLAGES DU LAC DE PALADRU","04 76 32 30 53","villageslacpaladru@orange.fr",,1
"05/06/2024 11:05:39","Commune",38548,213805484,"Villard-de-Lans","CC du Massif du Vercors",6,"OUI",4537,"62 PLACE PIERRE CHABERT",38250,"VILLARD-DE-LANS","04 76 94 50 00","info@villard-de-lans.fr",,1
"18/12/2024 16:03:09","Commune",38549,213805492,"Villard-Notre-Dame","CC de l'Oisans",8,"OUI",31,"PLACE JOSEPH PAGANON",38520,"VILLARD-NOTRE-DAME","06 49 82 13 99","villardnotredame@wanadoo.fr",,1
"08/01/2025 10:12:32","Commune",38550,213805500,"Villard-Reculas","CC de l'Oisans",8,"OUI",66,"1 ROUTE D'HUEZ",38114,"VILLARD-RECULAS","04 76 80 33 33","secretariat@mairievr.fr",,1
"24/05/2024 10:23:28","Commune",38551,213805518,"Villard-Reymond","CC de l'Oisans",8,"OUI",42,"489 CHEMIN DES CHALETS",38520,"VILLARD-REYMOND","04 76 80 60 64","contact-mairie@villard-reymond.fr",,1
"18/12/2024 16:03:09","Commune",38552,213805526,"Villard-Saint-Christophe","CC de la Matheysine",7,"OUI",409,"32 PLACE DE LA MAIRIE",38119,"VILLARD-SAINT-CHRISTOPHE","04 76 83 06 82","mvsc@orange.fr",,1
"08/10/2024 15:51:44","Commune",38556,213805567,"Ville-sous-Anjou","CC Entre Bièvre et Rhône",3,"OUI",1209,"PLACE DE LA MAIRIE",38150,"VILLE-SOUS-ANJOU","04 74 84 04 55","mairie@ville-sous-anjou.fr",,1
"05/06/2024 09:23:00","Commune",38553,213805534,"Villefontaine","CA Porte de l'Isère (C.A.P.I)",2,"OUI",19333,"PLACE PIERRE MENDÈS France - BP 88",38090,"VILLEFONTAINE","04 74 96 00 00","mairie@mairie-villefontaine.fr",,1
"18/12/2024 16:03:14","Commune",38554,213805542,"Villemoirieu","CC Les Balcons du Dauphiné",1,"OUI",1926,"654 RUE LAMARTINE",38460,"VILLEMOIRIEU","04 74 90 72 76","mairie@villemoirieu.com",,1
"18/12/2024 16:03:10","Commune",38555,213805559,"Villeneuve-de-Marc","CC Bièvre Isère",4,"OUI",1192,"70 RUE DU VILLAGE",38440,"VILLENEUVE-DE-MARC","04 74 58 51 21","mairie-villeneuve-de-marc@orange.fr",,1
"18/12/2024 16:03:13","Commune",38558,213805583,"Villette-de-Vienne","CA Vienne Condrieu",3,"OUI",1966,"272 ROUTE DE MARENNES",38200,"VILLETTE-DE-VIENNE","04 74 57 98 09","mairie@mairie-villettedevienne.fr",,1
"18/12/2024 16:03:12","Commune",38561,213805617,"Viriville","CC Bièvre Isère",4,"OUI",1740,"59 AVENUE DU DOCTEUR TURC",38980,"VIRIVILLE","04 74 54 03 15","mairie@viriville.fr",,1
"05/06/2024 09:22:59","Commune",38563,213805633,"Voiron","CA du Pays Voironnais",5,"OUI",21418,"12 RUE MAINSSIEUX - CS 30268",38500,"VOIRON","04 76 67 27 37","mairie@ville-voiron.fr",,1
"18/12/2024 16:03:12","Commune",38564,213805641,"Voissant","CA du Pays Voironnais",5,"OUI",246,"102 ROUTE SOUS LE MONT - LE VILLAGE",38620,"VOISSANT","04 76 07 55 64","mairievoissant@wanadoo.fr",,1
"05/06/2024 09:22:59","Commune",38565,213805658,"Voreppe","CA du Pays Voironnais",5,"OUI",10137,"1 PLACE CHARLES DE GAULLE",38340,"VOREPPE","04 76 50 47 47","voreppe@ville-voreppe.fr",,1
"08/01/2025 10:12:31","Commune",38566,213805666,"Vourey","CA du Pays Voironnais",5,"OUI",1736,"115 ROUTE DE LA FONTAINE RONDE",38210,"VOUREY","04 76 07 79 61","accueil@commune-vourey.fr",,1
